Transaction Hash,Status,Method,,,,,,,,,
0x07b5324380a5046a594f8b9461e5d5c7f3a2640ae160b5655c14fff887e49ef4,Success,Approve,,,,,,,,,
0x0a8e251e77de24b4a25a3149ade7896cfd1bcab6540d6934ff548105439c0af0,Success,Transfer,,,,,,,,,
0xb6388c5e6268168d333d48aa0649201ef89ee0a7992ad67c324b6f82df261a23,Success,Transfer,,,,,,,,,
0x473cb657920f6a92462bd6b132e750524ab49aced7611ac8e23ef987eb704e87,Success,Transfer,,,,,,,,,
0x9b281d710ccdf69132212f9e8117ed69f2b36f43a9d43610ce0d1f135489dcb9,Success,Claim,,,,,,,,,
0xce226460b04918d245f89cb3a8780e7771346917388589323d5b211416972161,Success,Execute,,,,,,,,,
0x9f4b2aeaa36cf2d992f7d14fc1c98dec69a0b935bd33ad47df49bb53e170b178,Success,Transfer,,,,,,,,,
0x0b55021253f1a8073e21704e6bef59500a96a70ff4574bcbc166d627a9ffa605,Success,Transfer,,,,,,,,,
0x690a0a46afcefc06cbf481112a10da49f90c952a62dd36321f450af86d8a71b5,Success,Transfer,,,,,,,,,
0x7010df4bc63fdfe66ffaa1c442bbe323cb46ca1bc380935fc69145a3bd5099f2,Success,Transfer,,,,,,,,,
0x581230b2e1ecd33a3850f7e446a293b5ba5835b911215d7756f8ab57334481a5,Success,Transfer,,,,,,,,,
0xd1f808a9f98d4e97f9f67306e42937758358e35150fb03ba5987de3432611a58,Success,0x02337666,,,,,,,,,
0xdabcd2fe8acddf8646ce98882bc600ed60a76c6be03ff730dc09382bdeaf8fc9,Success,0x000000c3,,,,,,,,,
0xbbc37d60ecb61b41de193863dc15ba7ce91e53b09db96b812837079905f94c97,Success,Transfer*,,,,,,,,,
0x75e8073a25b7efa7924c5e5c7ab4617e618d6a04d2b178119d32e4dd7b6cea2f,Success,Execute,,,,,,,,,
0x6ec5686dbdb89852c9051646a49c02531d2a20fe2c405013945adbf2221d0e4d,Success,Transfer,,,,,,,,,
0x87d2438078f98d9a4ee9c0fe603fd07908c15687a98574023359ed45fb81ddf3,Success,Transfer,,,,,,,,,
0x902c47f03a9b9c61fd20b913a18fb771fe330dee6fe990f844e1f435de4af3f5,Success,Transfer,,,,,,,,,
0xf6101d6433a8741bda3b8090f3b9b1f4adf567268fdf6c640e98955bac6e5640,Success,Transfer,,,,,,,,,
0xc29861009bfc7fe918d870d4905c6d167f9e8d38e25d15729b5cd9a4f6d3f465,Success,Transfer,,,,,,,,,
0x7f789ba48f1e5d0fb07fc76952ec4abe49175111e77a13423adc63639e8b3a98,Success,Transfer,,,,,,,,,
0x72ffa8937b048d897b37da15ee6e1ce4d6c6ccf43e444fc278b3c0f7206464cd,Success,Transfer,,,,,,,,,
0x24f93d7638b9ed033d23f48a03f50cf49ecb8094390aa62602790a755d120349,Success,Transfer,,,,,,,,,
0x54d3a3c7a49289e5c771f383ee77d9164c3cdbcba5f675f623d065ce0bf0e6f9,Success,0x4a00dacd,,,,,,,,,
0x47ffd97f8bf133ef42731059716a3f89ba2b53ec6d7f77ad0f98295009a13d19,Success,Transfer,,,,,,,,,
0x66fb934599fd5321d882030d30d781ca4527f72ab0ea0c0e35141a8d0758cb09,Success,Transfer,,,,,,,,,
0x6c594a8b103e6ad69a76afa9639850e97e59570448e3f806b50d17fe421f053a,Success,Transfer,,,,,,,,,
0x73e7192e93a1d051c13471c4bb0d6955f964790ee99439e568490fa7c19f91fd,Success,Transfer,,,,,,,,,
0xc5f1871c249906ac68d6d56f8952838a41df9922ee312490fc643501895e6ce4,Success,Transfer,,,,,,,,,
0x7019b7b191dcf874a6d95ea94a8c1e57949c26a04d5204bbfa50dc9799048617,Success,Transfer,,,,,,,,,
0x881507261d5051fac72fd67452d4bd04265b8a730bcd8a9e5f2fbe06a6c06c94,Success,Transfer,,,,,,,,,
0x81489e1ccc8b80d1397dd0c6dd9521083ab7aea4b6b20d2c1418b89a67644d7c,Success,Transfer,,,,,,,,,
0x25d7da21b4f1b10e138d954609353f8fbc616bca53cb246ec1d465cb3b0603f0,Success,Transfer,,,,,,,,,
0xde4492eba9421aa6f79365f76165527085e234bb31671e29a155ea72674de7fb,Success,Transfer,,,,,,,,,
0x649b22d8b9bd5f88fa870f663107fdaa504791ab11676bc594997f6fa1c809d6,Success,Transfer,,,,,,,,,
0xc9368ab9660806d92f0db8a3094214ead3c0376f72ba5194e5ebd134f10b1347,Success,Transfer,,,,,,,,,
0x2cbd3339473348afe2e1f47430d8b99ca55eb625a46b1640e3294ece7326d1f5,Success,Transfer,,,,,,,,,
0xebcbcbdc02b106b7ff7b750671b2e14978efa12d3a96c86cb2e4c5a5d5c7e7d6,Success,Transfer,,,,,,,,,
0x887937a7c7c3dbbb7be570cbf786f7b9679668c9c965ba058995e24837cf89ca,Success,Check In,,,,,,,,,
0x8f71c70105a707ee3ebf0146025011c9aed7ac63ceda5591a44c1c96febb1d06,Success,Transfer,,,,,,,,,
0xfbb87343f51af904398f8a624e20cd605723abda5174d81e7e4e4195553da1f6,Success,Transfer,,,,,,,,,
0xe12fbd753d75afa096328c5156073840ea9f49f85729b76e7cec455eb1f1b461,Success,Swap Exact ETH For Tokens,,,,,,,,,
0x91dc352188444d8c10ab8cf192ec5ccf084b985c7c3d1765fc1a2ddd0091c19f,Success,Transfer,,,,,,,,,
0x741200aa5ee59cf0b68f4e8f9690f18979437bea70392a43502d3585c62e48c2,Success,Approve,,,,,,,,,
0x4493ea6c13ac840fdc70b2242cca66934558f133003e73d0ff8ebfe310f87539,Error in Main Txn : execution reverted,0xb81e0113,,,,,,,,,
0xe0325d964b5aa298b8db69d756f5c6bf22ddac75992df3348c1d3d5a951a4cd0,Success,Call Erc20,,,,,,,,,
0xb1c247c2e4b7a0d93bf4417e4143f401d081794afb3ea94cc2f27e8d5f173ba3,Success,Approve,,,,,,,,,
0x790301f6f13f0d286943614a496327f694de6d4e6f8d8efe493f629a5a897a87,Success,Register With Config,,,,,,,,,
0x5f6377f1cefd58d707f6d5ab6b13aae8b01116dfd9ea4c10a53c3769426beade,Success,Swap Exact Amount In,,,,,,,,,
0xdbded9530bf436ebeb9db3c0bed0a3f04772e9d706802389dcc7e5c0bfa6d11a,Success,Transfer From,,,,,,,,,
0x293909c839a43701687d02a4762294cbb8c7ecfde598970010b7dd099f46d233,Success,Transfer,,,,,,,,,
0x08f0e902d74f145065aa959c91734619e2a0169b0ad4160f19c8885744b7ad89,Success,Transfer,,,,,,,,,
0xb3491b5edf19f7a2fe9db01ba84db9f6c188bb6b8208821292ffe235b514df57,Success,Transfer,,,,,,,,,
0x1bc766ea5d1747eb74a8fd1ead66302304bcc9a1f6891c529c74d7de3565a83e,Success,Transfer,,,,,,,,,
0x1e1cd43ba7a816828c1cad5efdc4c5f70feb9970ef4eebcd1c7b3c1d83344e20,Success,Transfer,,,,,,,,,
0x33399d985e0756ca079878b16cdf71d9db477f8aa00c31ac93e959456c8bbb19,Success,Transfer,,,,,,,,,
0x487a9ff8a53e029e0d43a996de74a07a2717b79d6a0dffcf1956258c481216c6,Success,Transfer,,,,,,,,,
0x995c15d82b9c9383b0ca9328df095f66c8dd9940c546d53b3df3f060c8a70d74,Success,Transfer,,,,,,,,,
0x9ab0b4b78275c19b7ee7d61cc4711d0a0b105332f1e2af460078f28f98f40b83,Success,Transfer,,,,,,,,,
0xe5343bba5532a310e88c18c07e1d7a3a87c8d99af5e9389199591499dc8c1fa8,Success,Transfer,,,,,,,,,
0xf21d1b46664b74fa49b056a576ee7192719e4b9325ba1c2ac819966d11b7698f,Success,Transfer,,,,,,,,,
0x0a2a7565dbd0f13fb57255c4d105069622c6c174edb107443259d40062e9fd24,Success,Transfer,,,,,,,,,
0x41a3963888767bcc001cbedc4169ee5b0e8a6aaf836fc644eda8960dfd13f4c7,Success,Transfer,,,,,,,,,
0x63f6cddf608128b8a64a428a58c1594370485797ace855d2663b4eba84788b1a,Success,Transfer,,,,,,,,,
0x8fe85f2683843cb6102317144cbf8db293997082504a4c8dcb418d227550d08f,Success,Transfer,,,,,,,,,
0xaa7fc456fc8ffa1c56f39177eeef245b9100385da210ba235f75bae87391e42c,Success,Transfer,,,,,,,,,
0xfbaab4084953eaac2090e0e41a9ce3a139608840606b53652583ba28e50a626c,Success,Transfer,,,,,,,,,
0x8956d99ecf5deea6de6f62ff30e256bc94dfbf2d36735e1fc05872af8dff4f7a,Success,Mint,,,,,,,,,
0x4e3b2139de37e183ed69a9a97c4636867364669c662dcf7015a8b8af4d8ca467,Success,Transfer,,,,,,,,,
0xa3c7c9449f3f1b25146cc2b4636def88a85edda19d99c5dda135605fb26ca066,Success,Transfer,,,,,,,,,
0xfcc464b1821acf4cee03258e151f201f5361edfe336a14ecc7b6d532658b73c8,Success,Transfer,,,,,,,,,
0xc59ff49bef5b7c77b388c0160a05cce26e8f93b4686f0ac0608a0bc26dd2884b,Success,0xd3669eab,,,,,,,,,
0x6864ca67b020fa3ca9daabe06e36f89932d49cb0c5de2026d5e8f184110c0515,Success,Transfer,,,,,,,,,
0x36e0656a43c4b698ec524c690cb98de2988615b04612196d770d81c7333f4353,Success,Transfer,,,,,,,,,
0xdf12c01c3f6a51f630a30c8f97a6d9d0c7d466a4ebb1943f23c036928cdd5cee,Success,Transfer,,,,,,,,,
0xb5404a3961120e4a0da77c59afac2b66514383f2dd3a8ab26b207a1cc40c5585,Success,Transfer,,,,,,,,,
0xf1908cb70b08112a2dd27bf080ee9ed8f730f0d80ec589f9bc4308696c2e197d,Success,Transfer,,,,,,,,,
0xe694fa4fbd99433f78d41cde34f81cbf6011420f885796a7bed5d1469fbb8789,Success,Transfer,,,,,,,,,
0x0b065e4d5473ebfb3d37feb8b1416df5fd31900c30b02578c447a1cef7b1c572,Success,Transfer,,,,,,,,,
0xae1644a77fe9cc95f2c91a85ebe9761d2b667e73b0a8378322cfa4867e7eddc8,Success,Transfer,,,,,,,,,
0xf63d7cf5d8f5d92c049af101b5ec86ea56eaa045ef5d36de14b8da4133953e3f,Error in Main Txn : execution reverted,Exact Input,,,,,,,,,
0x0d207794505670e896cebdfe377aa03f445fab4ad1d01d2af933cd6d2f590e0f,Success,Transfer,,,,,,,,,
0x5ec5238dc5bf62bfb0d7f1f517ae4be7b6a2b778d924e2b5b09681c1776e7330,Success,Transfer,,,,,,,,,
0x92afd8dc60262a67a6c26089ca5a9d1bb79327c1ed13bbec64e822f20bd5b6f8,Success,Transfer,,,,,,,,,
0xad68dc89cf27f4d75822b30274e629be5c8cece122ee2adf2aefe25dbbdbcbe0,Success,Transfer,,,,,,,,,
0x7cdf2a3e592d289c24210113eeac32c8045e957f8cda344862eb263add7743a8,Success,Transfer From,,,,,,,,,
0x65de8cf729efcb56716a43efa909ffc6a6bce161c7f61e21f70f2e5c7e857af8,Success,Transfer From,,,,,,,,,
0xc96bea9c7f1a8889afbd9d19a4377f74144c64654eeb8d82cacf876ef4c2168b,Success,Approve,,,,,,,,,
0xa1e3503a810a73ccf85142eac0a38a6fc4fbe5f571e3e887d422da58784e82d0,Success,Transfer,,,,,,,,,
0x6e0b352b87aa2113464ac30c381f992270b075e71e428d76c05e3d1ad53fe2f1,Success,Transfer,,,,,,,,,
0x4e480b27d359f20710969c3aafee792d9a16dc14c1d46031a93a7ed8b83923f1,Success,Transfer,,,,,,,,,
0x19b607a06ed77641c3ee7c648c7eeadd6b2bed1282c4a8b35ca8cc5d740b925a,Success,Transfer,,,,,,,,,
0x7627856d2f37a07cf4b128afe4d3ebe077fbc6463ec602d1ca5309524fc4b58f,Success,Transfer,,,,,,,,,
0x54b56bd4baf692abb070a5abff320e8ca38f92cdf03e795d3a7a9d61c15ad151,Error in Internal Txn : execution reverted,Execute Batch,,,,,,,,,
0xccf0c697ca6fdcc5aaf5a2e793f7daebece23cb879572e9e5afe5db22ff109a8,Success,Transfer,,,,,,,,,
0x5ab27eb90a77ee37bfe14d349b57273f40b18ab0eabe3163ad4c843610c4f329,Success,Transfer,,,,,,,,,
0x6e9f96e8ff2c39bd9acfeb21af317276615cd27f2e6046e85fa713be6a31777a,Success,Transfer,,,,,,,,,
0xeb0c3bf210c0dee1a031189272cbf46d623e2ed1c22d6a15c365895d130801bd,Success,Transfer,,,,,,,,,
0x61fec5c5ed5bd479cc59e02dd56db845a629104fd9b2c7c50e993f091d51d239,Success,Transfer,,,,,,,,,
0x23c4214eaeb0110b300313dc8f2c656b0df26702f136e765300c6a5a4719d49e,Success,Transfer,,,,,,,,,
0x36b90bf67451c00448349ffb8ec14356e6e41b0ba8e8c7ba71964e536b73e114,Success,Transfer,,,,,,,,,
0x1c1627f459df46e5d4cd59003fa51e60dba1263866ff9c898cde7a2b2ec6e7e7,Success,Fill Relay,,,,,,,,,
0x109580e8e781586a193f57087454cf5cc545f9f4867ec7326994403fb930a41e,Success,0xe1477062,,,,,,,,,
0x5a7804044b1d77cb0d04dfb6f81fa9d43e70ad5d4bef0e5bf242766f6f4fb4e1,Success,Transfer,,,,,,,,,
0xb7393d2f2b73301459e9393e2b3fd43c781eebeb191181657313b666909dc999,Success,Transfer,,,,,,,,,
0x6d3ddc8e253e4ca55aa8e07071a3f145a51080c685ede123b983b32e2c302fe6,Success,Approve,,,,,,,,,
0x654d56344d1ddd8defc4c6a018613111e55c074b81077033fc2fb052d8f33693,Success,Transfer,,,,,,,,,
0x603d59a6c56b2cb5ef212551582f24bb5aa9306c34eb60a5fe7016004b14a228,Success,Transfer,,,,,,,,,
0xa693cdd5c036b307492c3c9911f8391851f850864677d9b45eabf8303ba1fb1e,Success,Execute Batch,,,,,,,,,
0x827899a58d0c208afc1d1dae572aa58ca95cd437c8f773d4627ba8a8c71ac558,Success,Execute,,,,,,,,,
0x5f00a12fb566ce27cbcc0c8c6d5e000497891bed576021b90c0cb14d574dd944,Success,Transfer,,,,,,,,,
0x704814f9b1bbc3c730271e32ba4c5a0e794c980697c9dc95dad2631f7f1cc0bd,Success,Approve,,,,,,,,,
0x617d2fef182bd5a20d3901705908261613604454a6926fdf6afd2fcf36e16ca6,Success,0x1d946b82,,,,,,,,,
0xb2e54f136a84c7181c2a05e9ed039a5002ae1ed3500c595b07be8ec5f06542f2,Success,Approve,,,,,,,,,
0x41588836e9d6095c6a478818cdae51ce9a41375984fa3c7830857c2831b5ae24,Success,Transfer,,,,,,,,,
0x3a8c5361db2a3660dfea2611d2d81a6efe48e0b3a7541448cd9355ac8ad7a3bc,Success,Transfer From,,,,,,,,,
0x5def67be23fbad5054cb98f92a6655f685bf6be7cf9ba955bde791e1142abb79,Success,Commit,,,,,,,,,
0x4ba98d8d92b08fcf28458228a7c90bf55e3e01111fe14511d6721ef456f18929,Success,Transfer,,,,,,,,,
0xa13dfcc0b4724901d246779e56f0f9a7fa78bc3b9259c29db59129f204007e4c,Success,Forward,,,,,,,,,
0x5a1a89e18bcb320ce7787281fda8ab0f63719d162c172aafb32481014ea5bd79,Success,Execute,,,,,,,,,
0x826b8d11aceec5d44668e5ac773e1c077f073c8a6c8b27d9ce5dbdf3face2644,Success,Transfer,,,,,,,,,
0x1442abfc54907cfe15b5624af53583bcef9aa89a7ac469351ccf84341b78a0b2,Success,Transfer,,,,,,,,,
0x30162a9b84f06cdfb177b1b8b5a4ea6a354f152d404fefb99ba18807228299d6,Success,Transfer,,,,,,,,,
0xf2acffa4459bd1d1f12896c68bd99f32c299a1db26b7389c3997cf2e3ece120a,Success,Transfer,,,,,,,,,
0x6c5241a7f52d8dff3f087530a68c4b43e54e05e1d27bb63b0ad80f8f0bc8dc05,Success,Transfer,,,,,,,,,
0x6c18da81d640db231210d88c266580b1164c4ac38c436b37cc45e413564932a5,Success,Transfer,,,,,,,,,
0x1190c81b8f15b32beecf8b72e777f5ee8f4a78d89905ea97e04a783bb9268cc0,Success,Transfer,,,,,,,,,
0x91e15463a41856d102b6002d999b653a0fcbaf6c308d7bc121bbddf6b4e18136,Success,Transfer,,,,,,,,,
0xdbec3954acf6cf73e5bbe8354297939085f5631d93327779ebb306c2b7b683dd,Success,Approve,,,,,,,,,
0x65f5e55cf179d76b397aee74801164973ce1ecf161ba7f061529145bbe5174e0,Success,Transfer,,,,,,,,,
0x1bb978c4d6ca81d3d014897e958f89388bacbde84116ef9ee552c56c0d62ec4a,Success,Transfer,,,,,,,,,
0xd99aa54582d2f1d7e16c295426a98972d7b2e1f94969954694acad9e492386b2,Success,Transfer,,,,,,,,,
0xd9e82761b627caf99cbb8fd5591de8167297980195a74c4d515f135e26982d32,Success,Transfer,,,,,,,,,
0x121d571d5f5784f8b16fe7ece76d25e61273d335c0c9f1eb43faa7dc0ccc75b2,Success,Claim,,,,,,,,,
0x7043af4a1c1ec62449d38e27a24bdb958ce4f44ea51b709996277e14b0b5f301,Success,Swap,,,,,,,,,
0xd994a15934db3c73efbd15cb1bb56053d188853127589083f8942a3e6d6b6e8d,Success,Transfer,,,,,,,,,
0xc96462fbc2967a2ffa844d2637f96c997be616cb668606141dc4c3bb578393b7,Success,Transfer,,,,,,,,,
0x26b4a7151847e548b78c5d8784d1e442b4d3c2c30c2cfd245b9c067e4a730db0,Success,Transfer From,,,,,,,,,
0xdf3f5a4d28735af31ffbe1ddb21b8029fac298a916471e5d321bdaca151ba10f,Success,Handle Ops,,,,,,,,,
0xae1a6f39dc883dde60970553eb69174c8628107f6c05fe4cad1f7275395d2f7d,Success,Fill Order Args,,,,,,,,,
0x8079ab9d26cdac5486e614edc7def29548fd5bfc5924a6956c36ead1e9ca8ac9,Success,Swap,,,,,,,,,
0x784cc7fd87d2d222f894800ba901f6f800fbf3f3c16892d0100aed813b9a81e0,Success,Commit Blob,,,,,,,,,
0x5c3ae84b70cde57eb91136b24cd18de77bc9a9c7f06151d52897970938329149,Success,Transfer,,,,,,,,,
0x82987c1c8db3e3668c85677a0266cdfe6e3fbec561d3e03e0fb904b655296a10,Success,Transfer,,,,,,,,,
0xb88c5ad39d48f400c762a1eef88f8af06484396f9be5c4449f9b02d68cba6442,Success,Execute302,,,,,,,,,
0x47c22e3b4dad7be0c2a3ddcec12f106209bafbe0eaf02a3fbc1210c6bcd05094,Success,Approve,,,,,,,,,
0x9fdd33fe013ab78546bfd172f996c82cd8434ccdb114559c603c558625a3245e,Success,Approve,,,,,,,,,
0x85db004308b268bb397682c9449d9a98eebbd997f7c6cca40f812848a602641c,Success,Realize Restaker Interest,,,,,,,,,
0x649b2bd302560a2d69e5eead63eb492b18f8071b2fa7f2c00b7dbfa0f198633d,Success,Transfer,,,,,,,,,
0x40d9767942177f8ba287c358159d408ad8fa607cd9c27d83449b155146d00fb9,Success,Swap Exact ETH For Tokens Supporting Fee On Transfer Tokens,,,,,,,,,
0x5b08105d4f3cc85ff242d7a9ef2eceab7b74dfd734543a76c6a81a8b94098b22,Success,Mint,,,,,,,,,
0xfeb19e29459b7fd67e108e83328eafdf2c46020fbc64e55f38f152c1a71373d1,Success,Mint,,,,,,,,,
0x0589fb35338cc8168274dc6ab1157e96a07da8e0488dce5a8ae32cb5181edb79,Success,Transfer,,,,,,,,,
0x5a0391f8c6774e85b86f2c7a36ecc8f67af0efb1cf965ff0f4962809759cc29f,Success,Transfer,,,,,,,,,
0xfde835ec8128f8c7ebdaa4f9e38bd1455dfcb90ac71023f23cb3dc56f7d1a022,Success,Transfer,,,,,,,,,
0x3acb08fedb9a4edb70486633a56d41bcf242de4c38c0847f8a554c9b343dbe43,Success,Transfer,,,,,,,,,
0x8f2fac155b658085f04f73fcf9f9f52803e6769021c6cee5edd74a803cfb3164,Success,Transfer,,,,,,,,,
0xf94cde61e7a567df3dd6abb8e54c0667a895325b92f3c8c7f1b6b364380f5c81,Success,Transfer,,,,,,,,,
0x135d210add89962c9adf47adea814366eb9c997a550993a9936d95be81755279,Success,Transfer,,,,,,,,,
0xa030f07dede9fcba84799f4c2b3cfa56492527e6f896b18c117f886b47d1fc3a,Success,Transfer,,,,,,,,,
0xa3dc0f47a2ef78d234ab364c84fb12d51de126e3b2ebc0866f3198a740398efb,Success,Transfer,,,,,,,,,
0xbdf0c1a47abd9be049856fa90d3a1c6b3f0bdbd120896ed7dd759fac118d47fa,Success,Flush Forwarder Tokens,,,,,,,,,
0xdab02ce2748f32b2fbbeb35eb4aae9c1d35dc1858e94e2536ac26cb2ff974b2b,Success,Flush Forwarder Tokens,,,,,,,,,
0x621102a2aa9a0ccd49c63863fc17d5d5335de7e92fe13b6e495660d84da4cedc,Success,Flush Forwarder Tokens,,,,,,,,,
0x7ddfc946f3a61d1742c10c94b5eb1c48d39b927fe76f44644b14ce3b2dc0287b,Success,Transfer,,,,,,,,,
0x45fc38be732beab2a516021e8d2425b2870fc509c416f314abbb47dc160e0a52,Success,0xc0ea4b44,,,,,,,,,
0x88a8738a8c568cbc695d3185d7f0fd6bb054fb39e5f9e907a7a5edeb674c3e77,Success,0x49c36c07,,,,,,,,,
0x9c6587d471e0b0ab079adfefa2cc84dc8abf5e6b02a29b525504270d442c892e,Success,Transfer,,,,,,,,,
0x67dbcc791b23eec5a94eb78df281fbb6fafbdbb585020ecca302d5bfd92ed49a,Success,Commit Blob,,,,,,,,,
0x71ba260782d7e98e6219c0cfa54497f29c98e3104aabf3fa0b9f5b71ffc90d26,Success,Transfer,,,,,,,,,
0x0dfa667723497de8dfc982ebf5245c32ebf8a65ae7b4d421ba1ec32e916df260,Success,Burn,,,,,,,,,
0xac9606768dda436d4419cba7497ce2fa47010bba3139d9ef5bf4652517060b65,Success,Transfer,,,,,,,,,
0x53b6251d00dc4e6fea0c1e5836c755948222cb3d166d9a662bb1ffe799c7f017,Success,Transfer,,,,,,,,,
0xadd3879fc68f9f028f5a2361c30293faba4c3ea387545828b468739148cb5f3e,Success,Transfer,,,,,,,,,
0xf25c47f48b882efa89d4f3838ccb63b6373aa292ce528ba2c450d5c64584e3bb,Success,Transfer,,,,,,,,,
0x0a32a19628b1509f8ac103ba5c1f3d499d113e9a38ee1090a0b2ad3a3614a9cc,Success,0x5c43fcf6,,,,,,,,,
0x933e0c126c4e68f931ccc2aa808f3f8547116ba386a191ef8affe4ab6fa69cbf,Success,Transfer,,,,,,,,,
0x748657f0f676282917ee0682bdb13a1e1c1ab744d6a69c6c879c33326960f7c3,Success,Transfer,,,,,,,,,
0xa6a2d37b165782790e358ff5a387cf910a0a3630a5da03e6512f13e17dd0d111,Success,Transfer,,,,,,,,,
0x756d0b6c7079f8d5a2031a77d576980c92e6957af2d708f83a37d82a19e3f26a,Success,Process Top Up From Contracts,,,,,,,,,
0xb587651344a372a25946fa7f621a198becc86aaaa68b1333221bcbaf54e21992,Error in Main Txn : execution reverted,0xb81e0113,,,,,,,,,
0xa1162fd680b1a4f08b55433bf06aeac75c9d88bd3ee0eb6bf7510c25addf8156,Success,0x2213bc0b,,,,,,,,,
0xd7292929ae710e3833d7f920492e5a0865935d17544389b0d5558fd3ecf64e7c,Success,Claim,,,,,,,,,
0x3acbe0872e3282800f89a9b4649c2ca7b64cb5de3a3eeee7e4ddf194045fb98b,Error in Internal Txn : execution reverted,Deposit ERC20To,,,,,,,,,
0x47ce8684a05db72782ff8ddf3f96a37e190791e6b6dc638234d39ee078543cc5,Success,Transfer From,,,,,,,,,
0x7d04dace4bdf545d29e3417330405d23d5861ebcce32013b2c46a135de22b34c,Success,Approve,,,,,,,,,
0x6860134c32b443d8509b0d0b1c73b9a49b07fed628208aef9f9a7f57cafc6c7f,Success,Fulfill With ERC20,,,,,,,,,
0x2a536a46b8a997a9d368677182395fc494d8d6aa97c77929a96a65cc427c6fe6,Success,Transfer,,,,,,,,,
0x5d736736961f4121f77b66eb83e1e60d1ce84817c8b1c699126ed07e0b9eb39e,Success,Transfer,,,,,,,,,
0xd071c6a94a45f9411abcedad6ebb558b2475d7067858d1db72a4404da5b79a7f,Success,Transfer,,,,,,,,,
0xbe0c16ad8ec6789d67b5c901d8458a4a69c3a8815dc2d998870df3f33ee915f6,Success,Transfer,,,,,,,,,
0xa7ece66a64b473ca277bba8473cfe8a3017186c7ef15cee9f67bb4ced8d51f9e,Success,Transfer,,,,,,,,,
0xdc31f0fa190454fb3143e55d31415eebe73dd0570068ddbd662bdf86523e4b51,Success,Transfer,,,,,,,,,
0x18487dff4431b462c6a75a4a2a56da17ee5ec6114b2d5a350d81cb173204b437,Success,Transfer,,,,,,,,,
0xe99a72d0f30ab046eac9bd7cb732a796b51886140b5eae4976874c7ef5cd2447,Success,Transfer,,,,,,,,,
0x5180ae9ef354b3076db6578f4d3235fc18ad2ee3b82581b22e47385fe66fa85e,Success,Transfer,,,,,,,,,
0xe940373d9ca27ee340404b4d54a48dc9e27becd17002fdd90f2596c621c03f0d,Success,Transfer,,,,,,,,,
0x2ad4254396fa9030e97bf89224b86d81f835272fb242942151a24d4d79c42599,Success,Transfer,,,,,,,,,
0x845d255f099637cdcb7680d435336eaa7e689aa8c30053f5997315215c744527,Success,Approve,,,,,,,,,
0x3b60600a6acdb9deea84d291bf0407713f8add2f16d00c891e8a4c9676f475eb,Success,Transfer,,,,,,,,,
0xbbff2ca7440fc88eca78ec909572a486352b2f3331a877cba9b248d1bc800e8c,Success,Transfer,,,,,,,,,
0xd2e06bafce1f7f2c4176ee3abeb5a1ac3a0590cba6d51e90602ce1119c56d081,Success,Transfer,,,,,,,,,
0x999fc431ad0443b632f906600eb216111d9d0215fd2be5d5b47c248b35df6a33,Success,Transfer,,,,,,,,,
0x5599bd06356f5c8ed0ced15734b4cb13f79633d8c2377c44a9728dfc89c4273d,Success,Transfer,,,,,,,,,
0x5c3124b72d22927775941c8479d7026b49396b7ce4e2410432f398b71723144c,Success,Transfer,,,,,,,,,
0xbb03e8cef8a1ebf758287eee5fd2052d2e3c2ec54e08e0873216d84de6587750,Success,Transfer,,,,,,,,,
0x333deb60768315c2a1a5678054026e45a7bbb35f8279174510a4bcbc3be5013f,Success,Transfer,,,,,,,,,
0x602e4f77fc97c0e0821e62cad2154b603124c6356ae902f81e70472504038503,Success,Transfer,,,,,,,,,
0x10c83607865234a28a75bd56edd49644987ac47222b805d2746cef55e6a39ecb,Success,Swap Exact Tokens For ETH Supporting Fee On Transfer Tokens,,,,,,,,,
0x572228e343e281b2a5b5c6747d6dba8dfe7d83120fc69f7c985076b5380e4ed8,Success,Transfer,,,,,,,,,
0x70420eda7f1647d691b00e88a6ef627e0153cfe25b0acb357949100b4316e2b1,Success,Approve,,,,,,,,,
0x5ad1783f61e86c7c2966e85a8a4b0ef8327a886f3e3dbec29e7ee794327d912e,Success,Proxy Swap,,,,,,,,,
0x6e6d26af6cc1d33e0743da39a4b7e257529881689e6416ab26cd4156f499822b,Success,Validate Transaction Proof V1,,,,,,,,,
0x637aa41849e7ea818e13aae14a3913f777c48671ba2aa67b821e5d9b43246f77,Success,Swap Exact Tokens For ETH Supporting Fee On Transfer Tokens,,,,,,,,,
0xa796933d076e46599b8a032316c2f3c0852125585be1a9a65b0513e6cf6e45ef,Success,Transfer,,,,,,,,,
0xa34083dcb4d0362cd49a8bc24fc70333f096ae832c94935c60a6440420d1fbf9,Success,Update Data Feeds Values Partial,,,,,,,,,
0x816968835a495b0ef8c0348d77029f0795e3f66c5480d72a3b010212c8495fbd,Success,Swap,,,,,,,,,
0x20e8efb7ca11790ecfb0fc3b96e9c9a682a6509b4015ff74462be1e33db6467a,Success,Transfer,,,,,,,,,
0xa704898a34fb9b12b75356391b0f574d23d2ee84f4fa43481e219824f0f6c0a4,Success,Transfer,,,,,,,,,
0x5187af7279ec3fcb44e444b3c3ee90b755aae8623adbeace46ba804f12e83963,Success,0x0162e2d0,,,,,,,,,
0x551cc3e0d2945e11bfed459f190a28a0b5a2ecc4cc011150f7b0ec3b10a42a6f,Success,Start,,,,,,,,,
0xf44d795dcd3362f70fc1e3a26723a72a9df2e0bade056b43d90ef11edbf644bf,Success,Transfer,,,,,,,,,
0x0b4d06aeba9ea2989e8b9c7876829dcf154e2a681e54c03c19d46c7e8dc289e1,Success,Transfer,,,,,,,,,
0xd705901a9271eafe3b4b5373c3de589c841fb97126d5d29a3a0e910cd504c827,Success,Transfer,,,,,,,,,
0x799ac74ed5539046f55a1750f8017d792811432ef550e805b9bfd772f921e1b9,Success,Mint,,,,,,,,,
0xca6e27e267af1b56d03287f407dc67d4370019654bb97c39fc9b8eec4e4b4a2b,Success,Set Approval For All,,,,,,,,,
0x110b1dd74c0388f47c07303f9e181c6232988c8f701e5ff7d36f6ef15dff0283,Success,Transfer,,,,,,,,,
0xe031c1d47f8fdf239fd2faeaf3b03e693b1c95b0ec9af021ba3d073f5a267acb,Success,Transfer,,,,,,,,,
0xdfc4d90d288951195246ad8ed0b278b23894af1986c8ff713bf9526fcf2ee8fd,Success,Smart Swap By Order Id,,,,,,,,,
0x9f07f36f022446e1ab3b9256d4e01a45439d45f10b5fc1ecaa377f78e79e3366,Success,0x5ffd9713,,,,,,,,,
0x0c24513acdfd8e44fb9f228c888808bec9b9c9592ff122b3a1b369a6a84671e2,Success,Swap Exact ETH For Tokens,,,,,,,,,
0xc2e21f92bb7fa8a2ab0f34d2f80d55eac676789bc636003b62831a9f9f897b1a,Success,0x0162e2d0,,,,,,,,,
0x964b9e5e705c8ed51ec4bc85ba675ed098f02fe0a0ac51a1acb99fd5d914291e,Success,0x0162e2d0,,,,,,,,,
0xa464942ec4815ff9b35b4a1ee00152bacc5cebc2370d1b7f2943771cb587365c,Success,Swap Exact ETH For Tokens,,,,,,,,,
0x5fb419d70146732293e0946f94e7b737bba72b22ec86b37c695b3f47871d0db3,Success,0x0162e2d0,,,,,,,,,
0x7126cff0eae7d0b921553096f247459239cb2772363d45540768a4dc4e826de3,Success,0x0162e2d0,,,,,,,,,
0xb1a0f636dd6bd043e02737ee006c597a43802ac6a32bc83a3d6cad28ada2bedf,Success,0x0162e2d0,,,,,,,,,
0xe49239c16de44a55c0c9eacb254ab978f07596e3672a18b41b4a1a178acb29f5,Success,Swap Exact ETH For Tokens,,,,,,,,,
0x46fbe621d91878c723c633b8e9944adf4dca0db525bab7a828a2568b2b559283,Success,0x0162e2d0,,,,,,,,,
0x624f5dfa222369267fc8a969822704999df56191708905d62c19d1fba24b7a33,Success,0x0162e2d0,,,,,,,,,
0x011bd2f411a149bfc6729a4a3800ed2b3fc20ec6d2aabeb90108c80f1c43ae97,Success,Increase Liquidity,,,,,,,,,
0xfa0a076b1229e54a787056aff5cf84d892c5e8d6aa97c4ad46164b630ee2eac2,Success,Report,,,,,,,,,
0xde204087e53416302773c398c48de8527c0f8021b6740f32011ef559e3504d05,Success,Buy With Eth,,,,,,,,,
0xdad40e5ef9c561e97b226f5ea4dfc5289769b2f59f7a74107e0acb63a379675e,Success,Withdraw,,,,,,,,,
0xb5566b825bd9094ceabc061e792974f2d75c70b4ebc09862a71d8903650c17f9,Success,Approve,,,,,,,,,
0xf07f9e8da76d24bcf4e4cc11ebb67dd4136f0dacb18c02dde872ebf2270d7851,Success,Stake,,,,,,,,,
0x24a17381f6ba6c1760d353948910f4d066b10066db877923271d6217cd0975ee,Success,Transfer,,,,,,,,,
0x0de47661f60fc603826bd9ef739464ba40ff723a01a5622023a400f3be0059df,Success,Transfer,,,,,,,,,
0x7970e2b51721fffb6559a15f7cddd8decd3cb86e8d4955448869a9984979446a,Success,Transfer,,,,,,,,,
0x308af1cfd9387cc1ebaf859263efec0b9601eda28fe28ebbaa05433f4bb2e121,Success,Transfer,,,,,,,,,
0x33f243aad7e363637eee83271f07d05f78db01db6414b2c5782493423c1604c5,Success,Transfer,,,,,,,,,
0x7a3c2738b6a80315082c191bebfa828647153d019225a28614be444a1ff18afc,Success,Deposit Eth,,,,,,,,,
0x0225ca499f832e32a3199234e0044014d6747dafca5e61f2d052ac246ec5115e,Success,Transfer,,,,,,,,,
0x484037b826f85db15547bc86be3470dae136a2a2797e754bc39a02d0aca006a1,Success,Harvest Rewards,,,,,,,,,
0x127e39f5b7a52793556e013506c5e317a1dbca7421591c80bfce7effb72958c1,Success,Claim,,,,,,,,,
0x36c3076ab8406f068065b54846a6abb6f75e7c8bbb2580122032e865c59861a2,Success,Claim,,,,,,,,,
0x21058c732cdfc333bad3693109657c6dfd5e1e928528f76603946b5153f8cc18,Success,Swap,,,,,,,,,
0xedd919255b347146ab8d4f43496467baee63b5c45f99c763a40992e86c7ced62,Success,0x000000c3,,,,,,,,,
0x1b199e213118c473c26d491952b1000f59c67e280de1ea6b405ff40a1faaaf99,Success,Transfer,,,,,,,,,
0xeff871cccd68c2153278fe296928b032c353a6297aed4b5682a5df248ba8b964,Success,Transfer,,,,,,,,,
0x2da8e1057e76fa0da6903ba4f1ac481d61ae9b1338a33913efc27c476cfc2608,Success,Transfer*,,,,,,,,,
0xed7122038d54a0643d9a218e7c7d631a0d0f300d16ee69e035b4c85293ef65ac,Success,Transfer,,,,,,,,,
0xeccf6be2f32cba15f01f77219fccf262bb71871a08ffde0bf859066fccb14d9a,Success,Execute,,,,,,,,,
0xa06bb622c63aae2d7cdf5c72670468c0a433f9c300ad3d697776e7ff51ed5149,Success,Transfer,,,,,,,,,
0x86b5c666019f2000f6e8d846c8f8306cb2a66b52daaf9639d854c9492a38c138,Success,Withdraw,,,,,,,,,
0x30ee51396bc0419989d799d9eb991edac12377d513e1ff01c1804e79ace68124,Success,Swap,,,,,,,,,
0x4bd0526e7fd97f6f17f59a79195ae18fae5e683d79b4d5bd4b012daac7878ecb,Success,0xdbcd0278,,,,,,,,,
0x79edc72c38851a8033ece1907de15a10a48e4789f33b85d3de31c831df30ce1f,Success,Unxswap By Order Id,,,,,,,,,
0x6a3238270e88fd3e2bb0886ee8e0dcec295e4b7b177b12ec8ffe9820983c0df6,Success,Claim,,,,,,,,,
0xc23367b7cae12328d8362e55b645fc4ac343897ecc6a28958880d9e5e15c78c0,Success,Swap Exact Tokens For ETH Supporting Fee On Transfer Tokens,,,,,,,,,
0xdfbf86478a58e6c81f5c608d2550a9c42e978a5c5852ff18082a0c90fe7adcf5,Success,Swap Exact Tokens For ETH Supporting Fee On Transfer Tokens,,,,,,,,,
0xdfae930395b2960e58d5c9c8a3c6c7661105c0864ce1b4550ab50775a2edcc86,Success,Transfer,,,,,,,,,
0x0af3604e30ee11414550af86d16068df4f81471fe2051d7b778b7e1a24f4c7a2,Success,Swap,,,,,,,,,
0x55d5168fc765b0690aa9f86c9545722608d3b4dcad66ed62f228e32ebaaf15a4,Success,Approve,,,,,,,,,
0x0e8e9726e42a40460125a51850aeadd63dff37012afee1f02fedca5b48ae9491,Success,Transfer,,,,,,,,,
0x5202c802e314a91c501f551e13b139cfa35ddd921c981788af29f78313de471d,Success,Swap,,,,,,,,,
0x3810c86673c0b0c177dd542126798428dc69fc84f99d88fbed4a87ec80507f79,Success,Swap,,,,,,,,,
0x3d8208aa2e57707f632340bbf39c568b74197c6a5211be488639824a4f93b3c8,Success,Approve,,,,,,,,,
0x8d312f22b314910bf5fcc2e3e6e7d0fc24b2e2eba2f19837f19bda9d20b695cc,Success,Transfer,,,,,,,,,
0x7a8bd3ad25d1378b3d54fc9adcc5131157483f104d41c110612577574c196a0d,Success,Transfer,,,,,,,,,
0xf68ed527a3ce5060fa1de128ba7d13a28f8ceec0173a8a70a0cf94d1d4ae1491,Success,Handle Ops,,,,,,,,,
0x57d74e239707c90eb6f8a3f9c34e7553d5ca7a43f44e2047e453ebc898755cef,Success,Transfer,,,,,,,,,
0x4c1adf55f6fa6e935e951e1496c5b48aff342d058c64d0af078d0ed45b612e90,Success,0x01040102,,,,,,,,,
0xa332af542abba8c3b506fc37b3eebfa054c359bc11dc1924ebe49b82a14043c7,Success,Multicall,,,,,,,,,
0x475669a65b5f73d788662be3d4be4a8e62cd6bb135c1e61fb6ba4a6312f7709b,Success,0x60806040,,,,,,,,,
0xc230e79b4a473b207aa6ed0cca7d34d3057bdc4bc27ab4393d0d7bdd341148e9,Success,Transfer,,,,,,,,,
0x8fbe24537ad8b26c2b45ee110af2016222c0a30f1b134ba4a263f5a1f7fd5ef4,Error in Internal Txn : execution reverted,0xca350aa6,,,,,,,,,
0xcc1ed003b3e8f0ff2e8c230e9d21a434e4368e9e1a98d0b009d83a2a8acec428,Success,0x1a1da075,,,,,,,,,
0x2229522f8e81416f2deaa2e9dd23f997344e674b47e9ee8cffaa9ce41249ceb8,Success,Execute,,,,,,,,,
0x700fa010b4424e74bc7b591742c6eca89b5dabab650ff2ebd71b163bcd6948de,Success,Transfer,,,,,,,,,
0x024ffb4387dac138d490440305bf3219e84d8036e9ca4d94719087648f3ba33f,Success,Transfer,,,,,,,,,
0x24537a647413fc7e5079eb47853649323aad53d7f20b94e54d4bc9ec2fd9d54d,Success,Transfer,,,,,,,,,
0xc790d9e5ab019a6fb9c15a13728278036740626aa63a28903fab945c36e38316,Success,Transfer,,,,,,,,,
0xf998e657f2ea2c13afb7d5a3b6458f210e137885d9c751c0e836637d81c585bc,Success,Swap,,,,,,,,,
0x4b55bdab5a3d14510960d620688fe2153d50d7eb4a6913a946491139cbab9b2b,Success,Approve,,,,,,,,,
0x01c3916a4acda940949209508c5a2df6e3df3e586988c95e9c528439ad88e6f2,Success,Transfer,,,,,,,,,
0x88b9f1df399c2e899e7c1426c3a28d529cf7133cff588c09a97face2485ed85e,Success,Transfer,,,,,,,,,
0xf7719dfa116e2595cbcf8193ccf1e968e3e7002288b970574131cf6d1eb42bed,Success,Decrease Liquidity,,,,,,,,,
0xe5d4e203ff040e8cd51f4a58e9e82594871d4b34fbeaa3b090b487a69a4f7f1b,Success,Transfer,,,,,,,,,
0x038c337d86a707ab9fa4c9ea3a3012c198c9eacf8524b3c406ec54e741cefb2a,Success,Deposit Native,,,,,,,,,
0xa471e9f2ce0aaab91aa82a193de83e98337dd16a6aef757136fefa7c3d093646,Success,Transfer,,,,,,,,,
0x23a4a7da1171b45b4ab54d8a9e1b9160ae7462b466b2bfd11e9b074b33b6b62d,Success,Transfer,,,,,,,,,
0xc05346d37b1f672a5f747400fe102d1b73663024a81089a841bb333cc927100f,Success,Transfer,,,,,,,,,
0xf455f3a11059c1a8be7df25f52755d67f0d81e8a2474dec32bd397b047301b80,Success,Transfer,,,,,,,,,
0xf39fd7ed26c8c3eefbb1a0da21f8aa64caeee31bb4981da5afcbe158cc230102,Success,Withdraw,,,,,,,,,
0xfacd91a50a2efa1136a2a2bc662bdcb85913dcf6b1a1ee005d8d2d7f18a9c0b8,Success,Transfer,,,,,,,,,
0x7c143242817ca0e84da63fb784a5a6fce50ce03d939178b43c59056e59bd6c70,Success,Transfer,,,,,,,,,
0x75f6321f7dee48133be59044293a3379f2af44b0ddc5ee6059165074b79289c6,Success,Transfer,,,,,,,,,
0xb79cc34fa7cbf3af801ed5e5263af40ad65a3cd7350359d7704b42e67e580b18,Success,Transfer,,,,,,,,,
0x5cc3452f7cf5ef8006ce6b7809d96adae184ce77ad2074559864fbcf2fae6b79,Success,Transfer,,,,,,,,,
0x1cb841179157f964834fb8033dfd896a7032f424846115258cc65aa07f7e0337,Success,Transfer,,,,,,,,,
0xd5479bd665dfc2fc2644ee76b1a7ece5339f7580de2c956f038b6a443f02698e,Success,Transfer,,,,,,,,,
0x3703f69ae077ff9fac53aa47e2a2a1598bf15da95b3ded3cb311ce367c6b2d2c,Success,Transfer,,,,,,,,,
0xdfc7cbb88279462c02379f35ab70dbf64f211b715e0163247ea4b7cd27e4414a,Success,Transfer,,,,,,,,,
0x0a76de247bf55231b3597ae6a89670a455bc95e189545582c64ff351974c4523,Success,Transfer,,,,,,,,,
0x531ea7a3116c487e10e1c3bfa98bffce22b43d73848fd16c2ddf9b252faac987,Success,Transfer,,,,,,,,,
0xf9582524195e23e19913330ec0b762897cf327a9583ecd4039dfe404627408e8,Success,Approve,,,,,,,,,
0x59b15990799d5e2ebbb04bad3bbf406040a881104db3bd6ce3017c3c6bc5eb17,Success,Transfer,,,,,,,,,
0xc1f9dc4b68ea78e2356b294712ba5c02e78878e3e0ff684bf18b87ab4ca679af,Success,0x2213bc0b,,,,,,,,,
0x0ea410837af28d141a207cb3c483342ea55dcefc97064347fae96e38fb376335,Success,Transfer,,,,,,,,,
0xd51867bc9c3211c1737bf9a96c0185e6157ec14ed356a824821cbee9629a2890,Success,Mooo Z1089603480,,,,,,,,,
0x4b5bbfc4fd1a65fea3f46c4bb3cb7c28d1fc8f9bd66d459a5ed98dee5e87dff7,Success,Approve,,,,,,,,,
0x560e9887a0db45951cbc4b4453308bb217572cb39ae8670a6c5e2bdcb167e932,Success,Transfer,,,,,,,,,
0xfc9cb20c5dd2341dbd11d6cce8839cd72725087eae383babe26bb91810a6451b,Success,Approve,,,,,,,,,
0x58eb5b6f406887fdef443c49063f7849c5845dd7ac6a2b6db8f2703b2e890df3,Success,Transfer,,,,,,,,,
0x5618acae35704bb4ce1087d2f841017a37c1c4404d913fcf27db942036206b83,Success,Transfer,,,,,,,,,
0x4a51e83e6362d9ab22261d8b158a9d4629cc47b135edf35066e51cfa04e89259,Success,Transfer,,,,,,,,,
0x1a61222b71d808bffe16ac846326d6db0f9a44f62fdff3fb5e27b199b3c9b412,Success,Transfer,,,,,,,,,
0x1c88eaa91fdf554a23ba58fcfc4be4ed9a28eb0c4f4ea58bcd48457eb818a28c,Success,Transfer,,,,,,,,,
0x83586a320d8f4ed6156a093c2c754a54ac1c2ca42fe3cfb6d4f66f350b3d9d92,Success,Transfer,,,,,,,,,
0x8489788472fb9b7e8df53657cb1f56036589f0566431042caa96acace10252fb,Success,Transfer,,,,,,,,,
0x40b1c4fb69b87e959d6741bdb955718216297a6637a0a0294f3d5d2aff46532f,Success,Transfer,,,,,,,,,
0x9de52adf1776501e18559c7afef254086b55d002d9871f0b16788ef9095f64b1,Success,Transfer,,,,,,,,,
0xf299b58f833a23b82a7f9837c09fdc976b29e79feffaee8a34fbc9be7fbeae59,Success,0xb1a6602a,,,,,,,,,
0x0278f4837c0172a14dc7381447420964199941bfb23e9ce77a869bacf6ab459e,Success,Transfer,,,,,,,,,
0x149ff6daeae4c9a023aad183d36968f1b518c672b78b0182e02a1a070449b95f,Success,Transfer,,,,,,,,,
0x30dc0f7bee9efdc846e17144e5c6424741f13408c02ce2842018a13a7c735d4f,Success,Transfer,,,,,,,,,
0x3f32210ed56fdb79fa919bbf7d458604872496d559dbf218fb4fab85c4de02c2,Success,Transfer,,,,,,,,,
0x430d279c1886d609d12174ef6dab57fb9dfe16d597c20a98f312e87a75b0bf66,Success,Transfer,,,,,,,,,
0x45878ee1ea9914c4524e50b0a57d2c2003973be7ff79f33a1722795cfa7ef042,Success,Transfer,,,,,,,,,
0x7270805eacfb9cd5cc129bddbf56c61772ed082a8debe0557551a8608fb8ef8a,Success,Transfer,,,,,,,,,
0x766ce3668b3361f3838d7c679c2e6df41a74b157d1e8adc947ca269c0adbed8a,Success,Transfer,,,,,,,,,
0xa1116513952c3add978373d6805a4e3e160224502f597c8b23a04f191936cd18,Success,Transfer,,,,,,,,,
0xc239f678af67f9c93436b39f5bee0b14b29b41057f15c3e29f42f5cb137aae4b,Success,Transfer,,,,,,,,,
0xc73b9783037c3dc7d0fce4be507f03c162e36b3cace4bee336fe3e8f7a12e34c,Success,Transfer,,,,,,,,,
0xd36facdd5d517c48fd151145471be3cffa26e10f130956d3f743b9f662ddd166,Success,Transfer,,,,,,,,,
0xe07997041872b9c03db4d18caf5af68d009e7108c95fcc2bd907cf09537d80bd,Success,Transfer,,,,,,,,,
0xe234dd6fec62518eb0927e3f505f0824a6789269ee7909594a578359b8aa157e,Success,Transfer,,,,,,,,,
0xfdcf827b55a6330185211439f6b596e1ee3348e9c59a6bcda8330b4cdf13616b,Success,Transfer,,,,,,,,,
0x742937740acbc0573ea0c12c76963f18b70b29c1a0b61bb8219aa896963c50d1,Success,Transfer,,,,,,,,,
0xa0450758b5d35d66d091af1817dd0cbeaae78ae5785e39a514ce09fd6af9dead,Success,Transfer,,,,,,,,,
0x9d7ec5b4ffe1a9f95c9a955e72742ed0b440bb9a2a0ee688b692015290e84b03,Success,Transfer,,,,,,,,,
0x3167e6cd2fbb9f992da45952c60618ab9ca0c78363d2db4c9d972c1e8aacd8b4,Success,Transfer,,,,,,,,,
0x68eee0c8e33bdc834e1ee0c92d20785887f22e00795f9cad57c35b11baf9c6c9,Success,Multicall,,,,,,,,,
0x8e18b3a8380ec56a763c3cb229dc05062d816f8a30f20a45ac86ebe9d3006477,Success,Transfer,,,,,,,,,
0x3366f511e1090d2447ca68ca661e1c8ca3a7f50c758f38171eee070c02f56537,Success,Approve,,,,,,,,,
0x9feac50efca89c1b8b7e39ae67f59b685b9e93cd959ac4bf9726aa5ff4fe8d54,Success,0x122067ed,,,,,,,,,
0x63c0a163d4771fa5c5edbbecd5580deddde4ff6fd824c25c5ba7deac1952f9e2,Success,Transfer,,,,,,,,,
0xf7dc221e7c103f620002e9e73159b78fcda97cdc14136efa9de7a728c609e2cd,Success,Transfer,,,,,,,,,
0x8396babdfe5cdff04f0f66a1be5585ac464ea411ef69e0b27a26cc0743bcbc36,Success,Transfer,,,,,,,,,
0xb40fd870b992bac1343edfcb53a4e0ffe101abaa0e4c640b9365aaa5ef0edcf7,Success,0xd4e4634a,,,,,,,,,
0x7b9e78564ea758d8829ebfca407875667e6d5e8c54b40dd3c3fb73a012a94321,Success,Safe Transfer From,,,,,,,,,
0x3c1f27555f23ac6d71620acc5eecaec1a69ea4a4c6135548abe9556eb5e412ab,Success,Transfer,,,,,,,,,
0xdac04eb8e0c3beee0ef4c91033535cfc9d330b2858b7391a2868d377456773f9,Success,Transfer,,,,,,,,,
0x80468a63cca696284be95fff9857445fb5d5315921147cd71551a8ee1b655745,Success,0x00000000,,,,,,,,,
0x20a8c5a3316b8292bf981aba4e93d56500fb555bc044e2e5e952950fbf81901b,Success,0x000a0a09,,,,,,,,,
0xac75b17f9d6400d3b6019e76d03e9a658e45015a711dbbc1f7524e257de5a012,Success,Transfer,,,,,,,,,
0x1fddcd06664bb0585060a1383bb14c6ad419011a46d7a94727d4ba72e82a1eae,Success,Unstake,,,,,,,,,
0xb6e97d6bfe8e588b55000f54cd6d86648ae951b2755e8f09465b1905381c88a6,Success,Swap,,,,,,,,,
0x17fec52ca106bd316fa20ab6ea5f9844ad06ba99cb8872e099e49be2737e819f,Success,Transfer,,,,,,,,,
0xdd028989260328972fabb5ffdee71545a1a50e231b12298e05892fd5979ce962,Success,0xd44db9b6,,,,,,,,,
0xbb594b8ad330a53c7ae827669fb480ee0625b0b9f07920fd25f3677719319ee5,Success,To PMM,,,,,,,,,
0xb30d2d8553bc90c04c4015b3122dfec4b36fa0452e7978222f74e62d475b8582,Success,Exec Transaction,,,,,,,,,
0xd72904e8c94f4cce42ac696d6d58abfa62ecdb541e1f2b82e02a100aa0e0d904,Success,Claim,,,,,,,,,
0x1e5a93e9ad53c9b1b1f5751598b992ca251119df166c1d3db5f1581cc94a0121,Success,Transfer,,,,,,,,,
0x9dc535335cf65125122d013483057bcd6d213e373e29f455753230219b39bb31,Success,Transfer,,,,,,,,,
0x305e909c7303a43818cd29b6b7772a3604e4ecc1cc666b9c1795773e6f4603ef,Success,0x248afbf0,,,,,,,,,
0x989b488226d3699c8703312cdee748c7196e8d552d379be49d918f733298e567,Success,0x2b2f5d30,,,,,,,,,
0xfc40d870b6e2ff1506d7ad7266585497c1e1466a7681b9e65b590a7f1837a0ad,Success,Transfer,,,,,,,,,
0xc16f69449d48b00b58af57036bd26f24ab3ea4c265becc2e3af6461bed04afa0,Success,Transfer,,,,,,,,,
0xc2c0176c6ae678be15273083e95fd7e3d73cb5c389bf2af8db7d5767da6a1337,Success,Transfer,,,,,,,,,
0x8fee437639948117e84902d80122097e1d1f4e3e79eb92a0b72f0db999e4e0d1,Success,Transfer,,,,,,,,,
0x1649562aab946457a548afcae374dab14a56479208397793ce3b4b713be3c5b8,Success,Swap Exact Tokens For ETH Supporting Fee On Transfer Tokens,,,,,,,,,
0xf9067d0bb7eec65e41abe9ad81e89e2214c322b98926457edbbbe636fc63c7b8,Success,Transfer,,,,,,,,,
0x3bc6f4d45ed841e41694df2586a7d78050775833d68ed7747af367f413d57ff5,Success,Call Diamond With Permit2,,,,,,,,,
0xac67c6aa3eb610ff32c49a99ae0980d36645926464a808dc4f4470c5cb83f4d5,Success,Transfer*,,,,,,,,,
0xfe6b17859658ed82c810d73cf6f8a590d4911a39fefbe7c4a207dd7bb775f9e8,Success,0x5627c47b,,,,,,,,,
0xa2fa9a4081da87b778d15c90b3fbafdf9981320eef8a0cedd993ea7627976342,Success,Send,,,,,,,,,
0x2b39220f3d4f5876a8b59669391afd8984276c3be7f15b0aef6ab1a0ff87f9fe,Success,Transfer,,,,,,,,,
0xb165726ea18875a9a800748a382bc9d1a099b0f1811e9b8785dffe84b3311d2e,Success,Transfer,,,,,,,,,
0xdec75a92c7f15973e605df034474bbb77f937f06d04b6752d6b2bd14664ad993,Success,Commit Blob,,,,,,,,,
0x790a29c1ca6f97affe594ff6d75e1b3be13c15b9a26696c8988c5ba4c72c7c3d,Success,Swap Exact Tokens For ETH Supporting Fee On Transfer Tokens,,,,,,,,,
0x1ff61ecaf1fb27e891e3a52432ce8ea3fca636fdb22e38fc5157682650d9da3b,Success,0x020bf14f,,,,,,,,,
0x999b55d74d84871b4a79c7bb42a8d5a14bd6cd605b82cbccc0314e475172c86c,Success,Call,,,,,,,,,
0x1d80e9f2f9d4929a54ecc0e858535b9610707809604039a12d417b8025d19fab,Success,Call Diamond With Permit2,,,,,,,,,
0x38c79749858550f2fa1be5e269353ab715de9aa2f51e57d51dd8fe5cc8788902,Success,Snwap Multiple,,,,,,,,,
0x94ce825b8998f92dadb7358bfd69b3a0ddea920f1061f18742ef055f0e595e27,Success,Execute,,,,,,,,,
0x7bc2643d42129e0fb5d9f1e0b1a7bbd4db83ce4fe0efb89249c94022de05318b,Success,Send,,,,,,,,,
0x8c889bafbd67fae1560525d505305d0ba4c8af8a9f1afed02d753e7ef4bb5c09,Success,Swap,,,,,,,,,
0x5d13a596e18062963cd569d1153056a72d23bfffcbc2cb849f15f4ea4b59a44e,Success,Approve,,,,,,,,,
0x7a4ffdfd82c51151fa4db9609dc9e7f76d9ab745f749898f343496f22fc76a30,Success,Transfer,,,,,,,,,
0x6a7902e1e35164fee924808140c3241a7cbf310f12c12645caf271082063dddb,Success,0x020bf14f,,,,,,,,,
0x192ed53a20200eebd617196134a1d0b893ca296674e092ce5110054243a734b0,Success,Transfer,,,,,,,,,
0x926bb41a10e567afd4dd29efc0f744f648211c01d1102194d1b00a3b8860f664,Success,0x6082bbc7,,,,,,,,,
0x87bd91b9a2de062a5b8d07b5586e3a94e1eabf4e01eddd2b741268cb64cd5184,Success,0x51337d44,,,,,,,,,
0xa8ff3c6e9cbba587bfafef8b39f7702961d5797704dc0077f41bc3f737aac902,Success,Fill Order,,,,,,,,,
0x5e342394369a6a36d644636810de5f71e6fb04b5624456071cd1fde527480448,Error in Main Txn : execution reverted,Fill Relay,,,,,,,,,
0x55415faf2b33a7136d88f68385d39b6dac81e0ca6d35fe2a4d5ac0f3a117f459,Success,Process Top Up From Contracts,,,,,,,,,
0x42dc39151185144c640abcd561965c4fa1a1ecd45303457c5f6c9f75733341d2,Error in Main Txn : execution reverted,0xb81e0113,,,,,,,,,
0x4b592c09672101c8f3144fcb6f3457d7232ac9d7251a7029b0269488e4b98716,Success,Submit V1,,,,,,,,,
0x0b7512ca72fda962a2c29e1db406c2db7374cdce62f280a5f53223f5f6d4b3be,Success,Transfer From,,,,,,,,,
0x573a26f5cf119df3cb4aef497bccdbec6724ef3b64afd0e5081b573519b0a4a3,Success,Transfer,,,,,,,,,
0xbc6a61517166cf56cae72bed00c9cb437af9962d4a826a0565fd7819d57071b3,Success,Smart Swap By Order Id,,,,,,,,,
0xbac7cde362bcb5d901fa2f0858b5b676e0515dcc6fee0b4aea52183fa7a6c359,Success,Claim,,,,,,,,,
0xb05a71ddc7c3d414880dd2478a66ca7d78e5294cfb09c0bb62161520addeaeec,Success,0xa5927215,,,,,,,,,
0x7b9674bc99a37491a1b8776fb40cf79ed36f4ff51b61c33d4fdac7cb14d847a2,Success,Transfer,,,,,,,,,
0x5b17264f713c38cc1f5997b7c59c230c8d075b2bca90261a29e590f943fa57a6,Success,Multicall,,,,,,,,,
0x831f1381b6a1ef8fa4c2e5177ca05623b8fa1ae49ceb8481272be02c25b0b0b4,Success,Check In,,,,,,,,,
0x2f51e97543428c5940f16067659c5a7f169c0ad45cdf2da287a2fbcee2ff3ec8,Success,Transfer,,,,,,,,,
0x5acaf6fc08d1236876243c278c38422d0d282286a2190e19ce51ff0c8d986de2,Success,Transfer,,,,,,,,,
0x922d1735042598d1674bd6c5decf720c6707e5c935abbd2f1c59486f3711e004,Success,Transfer,,,,,,,,,
0xdfebb246655c5bc829fb9dfd57f6f10abfb18d3cd7b07654028da40e0cc14f86,Success,0xa41e223e,,,,,,,,,
0xcac9639628cc6b85e577274ad9f771edc12f84a044b160556eddeeb33a6ba83e,Success,Transfer,,,,,,,,,
0x099dc54774c7c01fb7e61f28a7a6d971d35fde6095bfe13f7614d8b3a1782c34,Success,Transfer,,,,,,,,,
0xeb48331d9a4f40ebdd791573fcf57e4d067cf7fe18209d8610da9c1e28cdf54c,Success,Transfer,,,,,,,,,
0x95141baf298567d9d15709dc55bbd736160ad49a5b58f3a5f613d3ac7712e50b,Error in Main Txn : execution reverted,Exact Input,,,,,,,,,
0xcb660ed039b77102a0053522734e3ebc930a5c1739faf542ee646b98536a22dc,Success,Approve,,,,,,,,,
0x05aef9bd4037d970ae24e8089f17d895d605c5ca70b2c57287ab1736d000948e,Success,Transfer,,,,,,,,,
0x1f2352e3cd2c1800f28b52650dc04d89d2333ea6e547de18ff83af6e44612ad1,Success,Transfer,,,,,,,,,
0x7556397a9622fb889c06484a2beff5890d24321dda0a423cb656efd3653f1f73,Success,Transfer,,,,,,,,,
0xb9c2509c483d6a87e5066e6f21ce6b08fdf2fc260518c36b5643641434f93ca9,Success,Transfer,,,,,,,,,
0x1e1d7366b1c93abca2c53916997b562829245dfa41b923feeb4b82361b6e1907,Success,Transfer,,,,,,,,,
0x2b2e9039967291b13a1acb3c3d1cbba9fd9cd8930587b1f1ebcdab2a22e1f8a6,Success,Transfer,,,,,,,,,
0xcda65754c4896d010c7ee6a07fb34c1bbd5f2b1113b08969e62cd2c556c7dd9c,Success,Transfer,,,,,,,,,
0xec42e69a46aa42afe3c0e5752b7682e2414736ce9c87bf2d5cba464fdede8284,Success,Transfer,,,,,,,,,
0xbc0143b6ce63a60c29feca8367e68c011e5b69a5d7c00ac8b148492be0dcf61a,Success,Withdraw,,,,,,,,,
0xd189407730032da74e211ebf2ed49977712f584196c37b1b26fdda66ba9a7cb5,Success,Transfer,,,,,,,,,
0x97c1e1f94af6478c0d24a422c6e71d73b459b155d1470b437ecd1056a66ddb29,Success,Transfer,,,,,,,,,
0x8b08f40f6092de9687e7a8ab6093714f4ef0d1502816eebebbed6340198660c8,Success,Transfer,,,,,,,,,
0x0bd4a2ab1bc7ca9a62ae69ad5d6f855af3314c8c203a650edfe0a2aac0dfc93a,Success,Transfer,,,,,,,,,
0xec9bcb9532cd5507feea3d08370de99df919cb291f4b85c2c2ea106ab8ac3a33,Success,Fill Relay,,,,,,,,,
0xb1e1d3d0bc820ba4512eab1cac9747784b2229b62f1799429ead441294e6cf25,Success,Transfer,,,,,,,,,
0xc882d04d34c00d30591c3863b301b90fc750d6a1023b342bf226bb1a3b8f8f62,Success,Transfer,,,,,,,,,
0xfeeec9095d8131e2cb0a7aaf8a8473fbc49cfc48e18ab03d2efc62483909087c,Success,0x000000c3,,,,,,,,,
0x6abf8c10fe89dd4d979ee9e16ba49f1fc66b75998f49215ed88f5fb6a7650b83,Success,Transfer,,,,,,,,,
0xe4bdd4689de9722ff4f73219c445bae1b7fcca991706949ac054cf9c66ad7d3a,Success,Transfer,,,,,,,,,
0x5f4b60e6cadb97ac71c457b6f4757c7c4e1bd4194d8f86be7fdcc1f8bf60817e,Success,Transfer,,,,,,,,,
0x0f0cb8996b22b62de1bed00bf5b4759cf2cb6e719618354d2214657e0a3b5469,Success,Transfer,,,,,,,,,
0xa0f816629637b94cd250a25e11b77d532cdea057d71e76198f5e9fb3d5c712ba,Success,Transfer,,,,,,,,,
0x5fdf3ec24778a31d538b74f29a0fed594dbc8358efd5b3102f7cc6b1254a7370,Success,Transfer,,,,,,,,,
0x5149332cef6f4bb74d3059a92f8aa252d3905e63fb2ea4d2bc346cb5d89fbe8e,Success,Transfer,,,,,,,,,
0x789a23abfb048b0f882720faa9b800e5abd21103bc506539d664f4d3773ad4da,Success,Transfer,,,,,,,,,
0x18ee940b8e1d10ade9b5fd731c52737791ebf8c91ff779d79597fa6a7008d61a,Success,Transfer,,,,,,,,,
0xcc90f97d5e424151150d831ca7d921bad0a9ba1a7a6324636c2ae8877c285f1c,Success,Transfer,,,,,,,,,
0x60e3478090e1890cf030a89fd275151965db73f5c1545b2b88c69f5f2f60ea2c,Success,Transfer,,,,,,,,,
0xccc4438bd17da14ae1588d6803729d68dc859092af1dcccc307b9163b3955d01,Success,Transfer,,,,,,,,,
0xf0253593093bdeaca60bd48f9fd07f35175e374487fb56970ef068fe80e4f196,Success,Transfer,,,,,,,,,
0x0292a0c1ab899b50f65b114a00ee8f9f55a558ca6bf29e6ff9ca552a9a56b240,Success,Transfer,,,,,,,,,
0x45772703667898698da88c013176a8457dde564e8ef27cc1324aa2ca1819fbaa,Error in Internal Txn : execution reverted,Execute,,,,,,,,,
0x0b8b69e7e942c415490baa84283562144a33fc8ca137e5c126a5412087363af2,Success,Transfer,,,,,,,,,
0x1c37c93adb57d8bfbb23fad2694f38c181b4efadfbbc842d50482a60401cc3dc,Success,Transfer,,,,,,,,,
0x6431aba4d9e07b97e61effecb1168631857da67dacb25fca40c48767e0169c32,Success,Transfer,,,,,,,,,
0x4cd0ee865b04aa6de78971ddbe95e6897637a0815c0e70d4c9567c42df82e4cd,Success,Transfer,,,,,,,,,
0x8414785d0edb60ca647f18da4a94927b19b42f75636f4ca6863f9bc4a36fd6d1,Success,Transfer,,,,,,,,,
0x73510cd210a8f31ef784354fa258be598647bd71b73993c3e48881e0090094c9,Success,Transfer*,,,,,,,,,
0x50ca673b3a7cfb97c404327b1ded8fd430bd142d197f5dc113ce57b914c63d00,Success,Transfer,,,,,,,,,
0xa478e2823c4450d874439b3c372cf03e085527801e94448029ef9a30da47f481,Success,Transfer,,,,,,,,,
0xa905b61d1ad856d00facb317e42dd70c91261bcff6bb98c5eb18a4d84d83fb37,Success,Transfer,,,,,,,,,
0x5d8165260838343e8f5b059b4b56294a7b5fecd368c6193e0b35fc279a17d78f,Success,Transfer,,,,,,,,,
0xee5fb0d40db232d758039ebb7fb32095bb753104fab1f90a47e1198b46ed4136,Success,Transfer,,,,,,,,,
0xc0baf79d3cf610521866e9e111a00f5e2cd024cb347b144d0f4831b6cb19c902,Success,Transfer,,,,,,,,,
0xcbdf9eac9e14f3f2dfd720b7fb6fd19309a94e01d02dd02615684a27b4c41318,Success,Transfer,,,,,,,,,
0xab48af0689774d00568531d766a0632806ece61529b2b758d928b3fb4fe41f56,Success,0xb7e62873,,,,,,,,,
0xf829026b44ec4d0b4a31706bccec27ab640a0cf2609a7fcbe4f28fbe215662f3,Success,Transfer,,,,,,,,,
0x851133de05cd19f88084fd35ab69616f96a55efa8431854a2b38385c18f36c57,Success,Transfer,,,,,,,,,
0xb9b472f2a84b58412ff7360598efc56cc8321a1ef3de988362cce1c62160d04b,Success,Transfer,,,,,,,,,
0x1cc792a9485eeb901271cf70acd628a308be136ab05c673c059b051dc58ea857,Success,Transfer,,,,,,,,,
0x6590fd05a2ed42fa336de0d5a49975d8d2248f98ff661c706355c5ce3b5f78b8,Success,Transfer,,,,,,,,,
0x84a6acf994b9ce90b1e375899e43e375f952bc8bc1e67d854f27856296d7676e,Success,Transfer,,,,,,,,,
0x0becda23d238fccad4783f2a86dd2deac10d7a54e654180d09d74459637a7704,Success,Transfer,,,,,,,,,
0xc83aaaec686423e4b61c4d41e8f209cf24183d0d0bf1480d4b4c61ad5914eda6,Success,Transfer,,,,,,,,,
0x2641e01f6b5c62e66700bea7950b4bf9540133752a1ca4eece46fdcc053f7e30,Success,Transfer,,,,,,,,,
0x94f5ea53c381af99a37cf0eec525df09cac0c9f5ceb5a422f9b2196ed96f8a25,Success,Transfer,,,,,,,,,
0xe3f2d40caea366f6897ff3fbe42ce1e1ec53942ad091aeb2ef37f88ac6ea18bd,Success,Transfer,,,,,,,,,
0xb74550bf5494039e3578101a4c40a9939a605b84fd7f16d05e775702b4b30c13,Success,Transfer,,,,,,,,,
0x5ace7351f08c04dd32b273ce4be68398107a71bd53e57dfbc302922ca2aa39d6,Success,0x0162e2d0,,,,,,,,,
0xbdf84078c6170116075eb422076fdf58338b455fb658250281b01a685d1f51b9,Success,Approve,,,,,,,,,
0x2d65638022bb0f90ea736c07c7c45b66c88e920074938858fe51f6108fa08daa,Success,0x75eb9b03,,,,,,,,,
0x03e4c7b952f10a1868d4493feee385183c0b390ddba84ac5fd888cc7f9680a16,Success,Transfer,,,,,,,,,
0x65fc8e6da32e51ee1cfa802107150d42d16a4b19cc4b141bcd7dd0bc3521dfc9,Success,Transfer,,,,,,,,,
0x3ac032d5c464513c4dbd3d8644f661b799afe6455bef8a0c985a1f6f0230aaea,Success,Transfer,,,,,,,,,
0xbfe728509f4f70fe1a0cd0094283742a83c83ee83b76d53fff7d43d416c25b35,Success,Transfer,,,,,,,,,
0xb4f8832da3e7ed60c37bb42321401b650e6f9c6d9fd6b2f89f5abf8011233f42,Success,Transfer,,,,,,,,,
0x253b812bc46906291511f2b0ff977d6dc3b86765e573c8138555900b20911c7f,Success,Transfer,,,,,,,,,
0x55a0f09d3d1c093f3fb51e25720e599e1963527c99d5a2843737a544352497d2,Success,Transfer,,,,,,,,,
0x5925775bea3435352e06fa355327f85d848e7c446d2e0db72543f9b240667998,Success,Transfer,,,,,,,,,
0x5a443aabfdb4a1a6992b32a35ff4c68b6384ec56f4c254c2bbc4da61034acfbe,Success,Transfer,,,,,,,,,
0xee2291e001c9ef70e28198932a55d468c914022d6fceac58c2c4e5186540fa64,Success,Transfer,,,,,,,,,
0xa0f832e7a45538ec0b1380d3a99d9da1154d0e231729e77af8cdb245ff7307fa,Success,Transfer,,,,,,,,,
0x7929288ce028327954f350775d1c0be64306261501b7dd02f66ec5d03c7ce9ea,Success,Transfer,,,,,,,,,
0xc8d90547957a9e6b8fc2499f6405310c5ac4e4c151bba2eaa4696bb23ebb8c01,Success,Approve,,,,,,,,,
0xea0b312109953826c68f540280e9ae45b04b85f7fde77c265b99fbfe40499509,Success,Transfer,,,,,,,,,
0x016d9464ef61ba20d028538c2445c24e66aba84a9e032c21887e49bc24507f3d,Success,Transfer,,,,,,,,,
0xb03d0d6deb608fe9f48e61ea17b443baad17f47acf4d1d682df8063b2083d24a,Success,Transfer,,,,,,,,,
0x720fabc669e0f6ae246083eafc138887e47fc436fb3c23046744396d64a1ca5c,Success,Send Tokens,,,,,,,,,
0xc5e44ae81e86e440ee72ea2116d0305eab843564901e0187ee6504e3e7fe3070,Success,Approve,,,,,,,,,
0xe0d45cd29a173fff4dbb9cdf9f2ffe6bf225947df85169614602a10358f3a4ac,Success,Transfer,,,,,,,,,
0x1359a4d68e57c1e99da4f783ad7c6cbf9def2846eb98222707601273b43c6af1,Success,Transfer,,,,,,,,,
0xed01f27b163edce23d60dfd0292c5189d555500be84fb107e951551968ace4d9,Success,Transfer,,,,,,,,,
0x1caa170f161651b363f6cf2a50068fe1b9c5cebf16413c1c437cb6a98215edce,Success,Transfer,,,,,,,,,
0xe029e7d9aa3a85049b6da624b5762f749f545bfbbd37d50db5d64227a3f1aad6,Success,Transfer,,,,,,,,,
0x63ad0bb898ac4e53e9fcc04194f2bc6381f94abe25ce5770a732cc551d0e4802,Success,Transfer,,,,,,,,,
0x776fd798a578c0d15642f08acbb3ead9660c85d34eddd55980eef0855fcce3dc,Error in Main Txn : execution reverted,Claim,,,,,,,,,
0x485ddc3a171bef31909508edda931b8705a871c2575fd21df651a27c8dcb34cc,Error in Main Txn : execution reverted,Claim,,,,,,,,,
0x59fe742cce027930d7e1060c317d399f1542d5a3385a9a12a64cfe3275d87e22,Success,Approve,,,,,,,,,
0xe5885882917abcb40f38c883da76dde828f555a20e4a3278dc0a0c68ef61085d,Success,Transfer,,,,,,,,,
0x19ebaef01568c45da0336f0d42439d4e2c65d5d32ba6d45c025b8c333654e585,Success,Transfer,,,,,,,,,
0x17910c880543ca9fe23494f2a96278d97557c44b40cbcbd6761931ada7d32149,Success,Swap And Start Bridge Tokens Via Across V3,,,,,,,,,
0x576dedccede8586031490a72cf3c1b281666ddfe1ebe6381f42d26e58823e8ff,Success,Swap Exact ETH For Tokens,,,,,,,,,
0x6453ac797fbb952b970f5a84f4faace919cbdc948a35bdfaac455fc70bb7982b,Success,Transfer,,,,,,,,,
0x71441b0d597ec9286cd375576b4c39e2981c39f268ad6900dc81abaf7b451349,Success,Transfer,,,,,,,,,
0x433cca92910687cc33ebb95cc7fc50615b429fb2f703be3ce5f0ce07d7c763ef,Success,Transfer,,,,,,,,,
0xc33f5004aa555fe62f5e1bf690dcf8b1d779f5819aa1c4fce2622050190fd232,Success,Transfer,,,,,,,,,
0x03144298a63c97fa835db60ad10b5b6b43b76add3dd495f7dbc65e89df74d6fa,Success,Transfer,,,,,,,,,
0x9c7ae365a3e46fecaa5e5d5e1e7da500f03af0177da37668dec0cac97dd7c66a,Success,Swap Exact ETH For Tokens,,,,,,,,,
0xd649daabce6d465af75a9b49de674929324b9d637c844e16abcd9476b9dbb6bb,Success,Call,,,,,,,,,
0xfd608e467e9d09da19add761660e0dde91308edc582a341e20a1d43c0a28f6f2,Success,Execute,,,,,,,,,
0xf3dd95876ce8fea00d59f084744fdb83cefce65ca31f6ca0b02092582437af34,Success,Transfer,,,,,,,,,
0x278369b01b82ffe70488a3c2082e2654b7a928809173a0a5f8ad0279e0175ba4,Success,Swap Exact ETH For Tokens,,,,,,,,,
0xf45905628548466a77911b3ababb573760a8644859667fff893ae606009cb116,Success,Transfer,,,,,,,,,
0xaefa562336392111d5a9c55577a10f19c2d9ddcb30b343ee56e7f0fe012912c9,Success,Transfer,,,,,,,,,
0xd55cc13c7300714bcf81f9ec24131440fd9b38a9dbcbcd05608e300ba03f5443,Success,Transfer,,,,,,,,,
0x88e2ab36334d1285f6747615fd0aa18e14c73c862747ce146da6c95ab3345c42,Success,Execute,,,,,,,,,
0x1d9e32fd20a3fad09b28fa364130544620499f37c9787793913e063f88533a6f,Success,Swap And Start Bridge Tokens Via Mayan,,,,,,,,,
0x10854ed93b4052cd85568219f064325cc9a572358f5513f146c245e90e30850e,Error in Internal Txn : execution reverted,Execute,,,,,,,,,
0x4f448a518ef05e4182496b9ba51b652078ceaa9c25092e90a1885cc0da1ae081,Error in Internal Txn : execution reverted,Execute,,,,,,,,,
0x2a7594377067aba5163ab478ce97f957c94cb0c9d022dd59bd6a5f2d35626e14,Success,Transfer,,,,,,,,,
0xb2176aee8a26f445105a994b28b85e794de24ac988f61751bbde41ae925ad95d,Success,Transfer,,,,,,,,,
0xee1ccd6f88fe633a1dc9aa4ba053724f63622c7b36a5642d5a8077d36876021f,Success,Unxswap By Order Id,,,,,,,,,
0x133da7faedec962331f2c0ecf8d4ffa2889a9e2ed831725c82ffa96254d577e4,Success,Approve,,,,,,,,,
0x424bcbb7640f78bd3296a028587236a2f069e4e001772197d597666ce40e136f,Success,Flush Forwarder Tokens,,,,,,,,,
0x9764343e2b8e39e98fed4423d90bf85c1f38e1c810313cd1c96fc4088df82463,Success,Transfer,,,,,,,,,
0xc6913e589a01716eabb6f69648312ec4ca95403e369acb121b36fdca83c03d11,Success,Transfer,,,,,,,,,
0x94e39b701946a4569d6c6c99583825b0f070a5c66895c98c1dfb95fbfdb4a390,Success,Execute,,,,,,,,,
0xb42466e9a658934d2a35d8de2993bb3125e3c31ea14dfa4dbe6c35c92fa9f3f7,Success,Update State Kzg DA,,,,,,,,,
0x2ad9400914c3d493432b07918d4d0f9ff59bae7dd47c91a482a3474bd77bf412,Success,Mooo Z1089603480,,,,,,,,,
0x63983e48e03eb09072307de6cd1c0a7297af4d2ed57bb1fd7954194b477e9d32,Success,0xe6e8c1b8,,,,,,,,,
0x595132131add50c0b45c4e7876e1101c673b2d55c5a955043e8fa024db3c16b6,Success,Execute,,,,,,,,,
0xf84f17bc380c142e0cbdfc4a347238bc9bb36830d92451fd6ae53dfd814f701e,Error in Main Txn : execution reverted,Process,,,,,,,,,
0x5de6957be93bfac2eacfaf222a0f43fdaeff94df9f0bd11d7ee0c2f906c14440,Success,Process,,,,,,,,,
0x00fc31552d7d8cde36dbab9ed994813a5ec84573a61c664e0460eb9fdf9c43ce,Success,Transfer,,,,,,,,,
0xad4246cd80c6631dac45807f2cbc3cebeda0bc5e1336316040293f59f3ab4b2a,Success,Execute,,,,,,,,,
0x4b2d24dadbf13deb69874c3e4582b9b00b1e252a02acdf1bc54a3b6f1b812a66,Success,Transfer,,,,,,,,,
0x61d0c6cb39b963ad5ed0ac041bdd2881251d1b17e7deecf6b70eb78cb0f757ac,Success,Swap Exact ETH For Tokens Supporting Fee On Transfer Tokens,,,,,,,,,
0x7383c74922c08fd4fdfcfbaa7c2e235b52ed515e0a85a6392919374a6ab59150,Success,Transfer,,,,,,,,,
0x4a34e892f84383af41b9979162e7c1c6106d1acdb8c0ee9bba10e74b1e095437,Success,0xe98778ad,,,,,,,,,
0x79e0efeea5b24311117915f1a0d62b0eb53e312db6d481f51730aaf2b4bc83b4,Success,Mooo Z1089603480,,,,,,,,,
0xd6a18f6bf1c5c041c29956f2cc9a9ebbb3c9d2415b82c9351eac1a003cf7de7e,Success,Transfer,,,,,,,,,
0xab50dddd26dea769b7100ec61eda49bb365c50738d1a04228507d319523e738a,Success,Commit,,,,,,,,,
0x754a3c8ce0b3636d50ea748e99d5d8d7a50d20a52f8a5c5f3c09604cf178dcab,Success,Collect,,,,,,,,,
0x317c308a4640b96296636d9e7cc5d41a7dd9d5eaaa267469e8a137336abc6b6d,Success,Transfer,,,,,,,,,
0x03b7862d7a927b580ffea2fbc7c4b8ff90a7707b30b392eba5353a537aacfda5,Success,Transfer,,,,,,,,,
0xdf544a6dc0c56acef2ce4320a8053639c75ef7261869afc622032913186d3bb0,Success,Transfer,,,,,,,,,
0xac2948b53d5598127ae0b3fbb279139a5345386ac112b21d3db57c0be10541e0,Success,Transfer,,,,,,,,,
0xc06d53bfd64938dbd59ea7e4c91e7d108ad29f2f6d28303eb7ac891d837f283d,Success,Transfer,,,,,,,,,
0xd9c4473e19211e36c0a624dc5ee47478a5b5a5f8e82b99b102ea5b3256e8b8e9,Success,Transfer,,,,,,,,,
0x6e31f78bbaaea4592ac5622333d9e01e2c41266531193d501f507db23299a602,Success,Transfer,,,,,,,,,
0x6c9f963f2f90b6a38bac72da18987017be378891a8f67e45dced6e6d315eba11,Success,Transfer,,,,,,,,,
0x12a459ff71ca7e6266b1dee5312a2898dd7d4bf9778240493fa7bf2688aa22eb,Success,Transfer,,,,,,,,,
0xe3c25a8c828484c7d2f75cfd7d6685851a3d9821b0f2405a9497714b4d3399e4,Success,Transfer,,,,,,,,,
0xcccba091a4f9d61e2dce35d80f73d2eb08bba9755d9a7fcce8fc7c36f9c5ae50,Error in Main Txn : execution reverted,0xb81e0113,,,,,,,,,
0xddcaa85b7d113a7b2159d48ac1f2b66b8ad6e7d02704b5694ba74e19f677ed92,Success,Swap Exact Tokens For ETH,,,,,,,,,
0x0a4120f260e2ffc310b09b6095b60ad5dea699a49d83b1c8c4fd22ee100d9171,Success,Swap Exact Tokens For ETH Supporting Fee On Transfer Tokens,,,,,,,,,
0x86d382e34be94642d72464d60e8add7b1e6f9ddf304d5605c47441382e1e1c12,Success,Request Withdraw,,,,,,,,,
0x2bc11df8e259143957977e0cb645aa863e1199d22aaf1f260161ef7d0bed14b1,Success,0x9d2e7e5b,,,,,,,,,
0x31d57977722d9db3dad77ca11afb0cb9ae4b30c30be395abfd337e43f3028312,Success,Complete Transfer,,,,,,,,,
0x0d4765fced3bc1bf7d276dca05558f46d70a5be127b602eea098fd740f4c93b9,Success,Fulfill Order,,,,,,,,,
0xbdfd3466faf676ac8d04ea7df1576aae91521555aed1ea3572a063aa1f6e5802,Success,Bridge,,,,,,,,,
0x2ca61f3dcd2d74216f434c87cfe1e4db1f41279a359743f19d0f1917f0947415,Success,Cross Chain Swap Deposit,,,,,,,,,
0x26be73b9d3b23db1383df02f325626c0aef6e692c0fdb707cb60f449db80d796,Success,Transfer,,,,,,,,,
0x58ecaa6edeeac5a81451f71481e3c2f4d4a3a3e5f422419da57446a92749a3e2,Success,Arbitrary Calls,,,,,,,,,
0x76c158d2847f73a34d27d2d8c744ba467d0cb5505c550b65124ea9ae532b3d96,Success,Transfer From,,,,,,,,,
0x16e7139d3fa8511a55402f3248155fbeb89008a2ffd525c19959de28db872622,Success,Call Diamond With EIP2612Signature,,,,,,,,,
0x69a373b87aaa08e8c9823c10edfa852a24d9e7f22e489b2503f9309ee0aeca19,Success,Transfer,,,,,,,,,
0x9e18a704c36aa9135bb4dd2dbcce09200f05dd3b65029cd996e8702331064d64,Success,Transfer,,,,,,,,,
0x4ea413aaf60678d5ebe20791e9599fbc1251f588362ad897724e8affc15a10b6,Success,Transfer,,,,,,,,,
0x55c74a6b85c89d0519c0f0f4c6251092a4b3db7cc212198870ec6e0930d7a934,Success,Transfer,,,,,,,,,
0xbdab20001059e333b290316ccb003ebd955e4c80e62c036dce602f7d2f3d50c2,Success,Transfer,,,,,,,,,
0xbe43b307269f5e923535e1f626c8a03a1f35862c9c638a6e1220ea67a4e45f3d,Success,Transfer,,,,,,,,,
0xcf69605af11372b19e0da7362a91e82422010c55a89e5a978563c3ec76b24a20,Success,Transfer,,,,,,,,,
0x1640ce54f56ab14b39f327cf688e5b6714b7eaae85ed03015f1c8c3711b1853e,Success,Transfer,,,,,,,,,
0xdbef1db65c334ead8097eebfc3bc484cb14c2e9821bb0194aa321227cccb9c82,Success,Transfer,,,,,,,,,
0x2ee989e25dc489cc373432d92885e13619014b6f63b90fea6d871965662c413b,Success,Transfer,,,,,,,,,
0x4dd7455dafe3cd061b6a0798e2f0f491600aa445f36acc4ad01b0a867c06b767,Success,Transfer,,,,,,,,,
0x2c9a281ea6ec7b50f23b4f9d7872566bce1524e5890faf767a195069548edc64,Success,Execute F Fs Yo,,,,,,,,,
0x0db8a374f7dd86952c667d768b10a277f2bd740fd9178795725a778db41b9b07,Success,Call Diamond With EIP2612Signature,,,,,,,,,
0x733e2397b4f8ba852811e6b560b272a1d3287b3a815e8f955d00a16c4b180be2,Success,Transfer,,,,,,,,,
0xaa499daeb4fdd0ea1b28998e19ebaf3bb9560a54daa8da9cdb4b23e083b10150,Success,Transfer,,,,,,,,,
0xc3f27a24dd383913cd535a3ab8b1cbec0ab482b1b6ff0b4f359e241d3f77703e,Success,Withdraw ETH,,,,,,,,,
0xb401eee27d6673955fad03af8eb2730e6d6caaa77e843f028409f9990cfad236,Success,Transfer,,,,,,,,,
0xbaf5854d85725ec0e2edb74199030d99200f28301a904c7713f7811ed35fc032,Success,Transfer,,,,,,,,,
0xaaa4d330824a9be4811ae0476619537126722be0bbb1bfef4ebca4c6208e6001,Success,Swap,,,,,,,,,
0xabd45af2244d2df294be399c6fb221ef35bd20e9da3eaea9124552e16f438550,Success,Transfer,,,,,,,,,
0xef087d51a9fd3cffecc673a05b235feeb7b70a580cea09732d86f9e0cbfb8b85,Success,Transfer,,,,,,,,,
0x21166e546aea8a22b509b590df66c9c62782f6ee72967e44f01b364770fcd56b,Success,Transfer,,,,,,,,,
0x504a699f772891cf703db40ac7b7b17766ceca89fc666f72fb367fa1e76153a3,Success,Transfer,,,,,,,,,
0x5353ac7ae923c28069a60a1be6520935f61ba168b7a43907bbb6cc0ef9b44509,Success,Transfer,,,,,,,,,
0x9ebff05d5a5d7aa1d3f14f7b5a538d882468027671bf2f00620f6073620a67f4,Success,Transfer,,,,,,,,,
0x1d783e28834c7223f002db5856d1c7d94810b5a9dfd8ed5943258b558d8bd746,Success,Swap Exact ETH For Tokens Supporting Fee On Transfer Tokens,,,,,,,,,
0x25836d34a0fbdc3fb6aa2e0d06044b9ac7a14e252e7d47661a61d70395c33d53,Success,Transfer,,,,,,,,,
0x9ca2e38c20924329eb3cb51457cc5037c2c7629b500c3cbb356fe3dca056c1b5,Success,Transfer,,,,,,,,,
0x73e7a2a4daff3209bdb2e075818b789d83307a1de685661bfb3a905e932511e0,Success,Set Approval For All,,,,,,,,,
0xe950a600c097a30915fd568df14e2537e556481ecfda3962c76fcf333101c4ae,Success,Not Yoink,,,,,,,,,
0x0889d04e5479a722375a581392d5d5d6f7a20583421419824bfa20b3575050f7,Success,Transfer,,,,,,,,,
0x5894a1f6148fb18e020f64cef4d4ddd1f1b8dd49821540432f41f67715e42f18,Success,Transfer,,,,,,,,,
0x68953993dbf95b89edd73afc95cefd772f7a226e7382c7c3651a33c952862910,Error in Main Txn : execution reverted,Claim,,,,,,,,,
0x5b10d0d997a0f3779cad76c507f7e92900fff012f2b556f698b77d579367d715,Success,Transfer,,,,,,,,,
0x6b45ec6377fb7dea21cd44849e52c458384fc8c7e8f3b1c78a863530c517ec58,Success,Stake,,,,,,,,,
0x4e43e67222f9031c7aeb4234614b52b5f15f18b82d99c795c322fa3128fc916a,Success,Approve,,,,,,,,,
0x18beec95649407a883ef15653707afd4c92c941c75bc709628478e2c899ab1a3,Success,Transfer,,,,,,,,,
0x9d4a89ce5c90dd22c27b2da2c3d9bd33de16484b1790bc7cb7adcdf0c25b5b59,Success,Swap Exact ETH For Tokens,,,,,,,,,
0x4b6c705287dcef4064e1112402aae8c2937c3898201c5f2a6051a7dc0b42e192,Success,Transfer,,,,,,,,,
0x8630c7ac17dae7a096edfa7f7d0b3abda852efabf6d142c69ebc07f89939b090,Success,Transfer,,,,,,,,,
0x0a1cfc4fe4a24e3264363a55e3d389bad30a0a686ef9afe8e3760377ff195186,Success,Transfer,,,,,,,,,
0x1377c01d7e84a41b7d5ae41c8e29b8106aefb9459faf840a208a1b1de27fe85c,Success,Transfer,,,,,,,,,
0x921263c8bd61cde7cc99e510283fe3c3b6e45b95481b2cbd35cf5b2098803aeb,Success,Transfer,,,,,,,,,
0x44f024c271c38e8280e6279621e0ce75d9ccf65c80473d823d8f75657ca21f5f,Success,Transfer,,,,,,,,,
0xb1df40fd8296e7b73861c0d1e705e98895f34e846e9f0f67fcb8f14444598558,Success,Transfer,,,,,,,,,
0x65d2b91cd8099598218a67a517c79a8c445d118bb22f25097ffce7d37102e96c,Success,Transfer,,,,,,,,,
0x16bd4d3f2e6f338cfcee4bf81d534233e9fd31909396c29b648cc8064f15fa9e,Success,Transfer,,,,,,,,,
0x3bd7460c4025e7d321dfa7b5c7534fda4fca22763e125f79099effb55d1b8c84,Success,Transfer,,,,,,,,,
0x011ee95fd315498a962d6d81c404f17c1a5c7f06b9d9dd829d749de34e3bc313,Success,Transfer,,,,,,,,,
0x867c72318d37f7aa6c0139eee46b1f76b70ccc028d7c292c2c0aba491856cfad,Success,Transfer,,,,,,,,,
0xa71d4f66fd5c61128083c6f68496840d76557f5e2184d7b5fb054abd9b5d0c2e,Success,Transfer,,,,,,,,,
0x39ff24e4647b4dc21eee736ba67fcded28a41011fcc8fae1619aca74dbed10cc,Success,Transfer,,,,,,,,,
0x9aa85c3f4c7e7a2f0a9d462d6e2ebe35d40ee5ff3623053e285116045f929537,Success,Transfer,,,,,,,,,
0xb24ccd1c1107c3f20711eaaee9e8f2f6dd27f1ee37366eeb903aa7049c22a532,Success,Transfer,,,,,,,,,
0x877b28de8454b5b262cdf2ec4cd8ed83042aa9c6b671289aefa0893823f19ebd,Success,Transfer,,,,,,,,,
0xeda3c4564134ffe70d3d327f60d6ddd758b967f2dd239ae6e8cce24ba23cff32,Success,Approve,,,,,,,,,
0x46c14ad6af7fa7ef0d3a8580f1efc87197fae1b5536b6b7df657535ec6fdc827,Success,Transfer,,,,,,,,,
0x40e5a3820b44ff0be10c467281e6ac7d2ccc57f577ca507c69273e3ef95f0103,Success,Execute,,,,,,,,,
0xdcf7d5eb1ad197f6c03e1bf8154a8a08d7a039ea26c199bcb38ae87939fdcfed,Success,Transfer*,,,,,,,,,
0xdde1943e2201743a4c167f369713e36883191352494055da3ac48b41f825dd0c,Success,Mooo Z1089603480,,,,,,,,,
0xf486e7de8dc889c3e94e264c5840327b2c058d0ba04e3931ba17b6b5cd1a2ee1,Success,0x51337d44,,,,,,,,,
0xc64c613a610f451f742d3973a748d362d38e239f00d8084d449d51e53668185b,Success,Transfer,,,,,,,,,
0x9e86ae6155fa595f100dfdebfbfed39439a981afd62ccf4311ef7b4799fb3b45,Success,Transfer*,,,,,,,,,
0x844990e40c795849798205850a9b64482f519dddc47bfa8a99c34dffce62bc7a,Success,Transfer*,,,,,,,,,
0xfad90ac3985980cc92eef3fbac48decac768946096ba05d11d33035e67cc9eae,Success,Transfer*,,,,,,,,,
0xb70f6c1098a7db701913b7c4e06762b76b9f12b8d1c511d8015f8b4c9212b119,Success,0x122067ed,,,,,,,,,
0x0a5dec11823f700f247cf70c71236c59412a5e8d4259bb0e3b5c21ca25759f88,Success,Swap Exact Tokens For ETH Supporting Fee On Transfer Tokens,,,,,,,,,
0x230c297698ec17e1a16cdbcce6c3e468cec8c8cd0b3b2bf58647ecdf63026a53,Success,Swap Exact Tokens For ETH Supporting Fee On Transfer Tokens,,,,,,,,,
0x8004e71519405b483cef0bd1e34901e1705731e4ed668222e991f636a8656fca,Success,Transfer,,,,,,,,,
0x50d6b3b096af44c3673f32198fc93b1057b837f7d8b3f9f2a1a172a1dc006b1a,Success,Transfer,,,,,,,,,
0xb059c8c31b1997713c3c163396983d8bfa55ab48c2c52f76f8b0267afa1bb040,Success,Transfer,,,,,,,,,
0xe06923ff479af3b8897f52c1c29f4e769bd114b48efb6a86561c87f340a080f9,Success,Transfer,,,,,,,,,
0x229954d15a5a4914b91a648672d9ba33881dab6f19836a85d1677eeb7583ee35,Success,0x4a00c5e0,,,,,,,,,
0x8f4b6c530555af4b0b2566d853a8622844e4372ce5a370c0dc3bc17232e701e0,Success,0xcb0d1f40,,,,,,,,,
0x2316b1a0d17b859ea95d4388cb5180c3aeedbfcd10b6e06778132c8182fb5194,Success,Transfer,,,,,,,,,
0x311d35b96c9af64e1221aa4ddea59150d6ab20638c9b864b84f7f8adc3d90962,Error in Main Txn : execution reverted,0xb81e0113,,,,,,,,,
0x5a7768fee9499106c98637bb68fc7308c98c0105eaca75f40cce18b81e16e173,Success,Transfer,,,,,,,,,
0xa5c967f386ce537d4677cc365a68383417ba7cf1fec834c615a64a5acf0239bc,Success,Forward Eigen Pod Call,,,,,,,,,
0x33fb81e1d4f397368643a9004a26841d19c1ef9061d812f2f6388926e564e008,Success,Transfer,,,,,,,,,
0xe6efd371441d3b985a4181db6dae4b9d1fc2ea9c39f7f0c104ac9862c8cae851,Success,Transfer,,,,,,,,,
0x16c5478c67849a016d5d8afff774efc2e43ca007675483b236f5485795be2ea5,Success,Register With Config,,,,,,,,,
0x10a050647db790afd51171844d08882d9c12cc96b6073cfd004d9180769ae147,Success,Transfer,,,,,,,,,
0x0696b4c5013feca29c0e4a842cfae0b06325dcd73b610dc193f3e746306c79cc,Success,Transfer,,,,,,,,,
0x84c4b03aaf20085c64dc7ea971120213fe86e5fc21b49b49b807dd41ad352243,Success,Multicall,,,,,,,,,
0x86348aa2ba1fca7956d0d425cccdb1dd6082494339e35c2d60b78ecb5c188021,Success,Transfer From,,,,,,,,,
0x572a92f22c26d77e135252a90b9bd248c87af8b8b2ba3bcaf83a76e6fdff0772,Success,Transfer And Multicall,,,,,,,,,
0xc67797af1a4afa1f87b1497afd9fda422ae1727324b62aa3f39d07cb1bf92f3f,Success,Fulfill With ERC20,,,,,,,,,
0x529f9ccefbd647fdac8ab0ffba909c1912c6cfec8689a96b716d5d3a26c11695,Success,Transfer,,,,,,,,,
0x59497e82fb57fed0e27463b69937214ebb55c99adece4c9e5acf989127d8b505,Success,Transfer,,,,,,,,,
0x6f277624088ebc55f35d0cef746a2081b996f2cdd14a1f7a707853a1bcd7a872,Success,Execute,,,,,,,,,
0x8c2bada4df0a7a0c644dd2a1229f72e2dee00550737f7d074efc666bca935353,Success,Transfer,,,,,,,,,
0xfd6b462383c55ecb1b9fbdd8f4d6f36cf244a3601f6e1e039b3359620b4225a2,Success,Transfer,,,,,,,,,
0x9b133242724ded45a858fa37d8dec40c5f46cbf36c79570233a4e3c733ff97b4,Success,Transfer,,,,,,,,,
0xaeb0e6f9185c2b083a36807461fd86489fa9b46b63ea6d7432d5e6e1661fa35c,Success,Transfer,,,,,,,,,
0x28a5b524d8c8d86ffab184a7405e7cefed6be461c0c4a0047189552e57fda055,Success,Approve,,,,,,,,,
0x8cf0c742ac9c36d208bd3b9c1040f35fd4ec66b0e12d603c6855b264de1fef90,Success,Swap,,,,,,,,,
0x048f50c0707b4c09ac519bb2a165605b5a647a7477b357945c82ff50f6d577d0,Success,Transfer,,,,,,,,,
0x330b55eea42060a83cfd5c67d04cf7af0c8a8b076919ae61017613a97e1b28c0,Success,Transfer,,,,,,,,,
0x7ee0629792acea420b4fb35eddc2131f85410a3d1e15b36cd3d99d6648f45c33,Success,Swap,,,,,,,,,
0x3c5890cd6206b866c55d4ffae3eb264911b7b832357d0a24efaea231a094ba1f,Success,0xa0000000,,,,,,,,,
0x992aea42bacbff9e23f3bd9cc9e7f48289d8b7c3d75416340e3fc5cb550a1911,Success,Swap Compact,,,,,,,,,
0x454d37ad045754afe40fe22f523023b0b0639a91f55beea5d9c04ee4d026c542,Success,Transfer,,,,,,,,,
0xb39d2d87a75024c450bfd4534c4e7948b0c98e75a9a8b6ac49a0e92e2ed46d24,Success,Transfer,,,,,,,,,
0xccf5a4cbfd0a5e32bb0eece10534dfa9b11b8a59119e007ca504e6349a5e2f9c,Success,Transfer,,,,,,,,,
0xe4279b777b01910b4f892c81744e1a1413995c219a16cacbf0f29334f05dd6d6,Success,Transfer,,,,,,,,,
0x79f93c9e58026cb4ae8709ff6b49db7066bd7ea444874b75d86d89a91035fbde,Success,0x8520f7f3,,,,,,,,,
0x050472b12c86d779a2d1a8e03708a18f5e6e78614e8810eb3ca89675eeb7f927,Success,Transfer,,,,,,,,,
0x06632df548dd4d6630347db9dab06a0789579b5a0f0cb6cb1753429debc7dfa2,Success,Transfer,,,,,,,,,
0x24a65ae7b5c39f410a123ac7d1f4dbefd3b0b5787d7cc463ba6064d629031431,Success,Transfer,,,,,,,,,
0x46769532e960b7c7267f39b1db3d6e43da53b2fd721cbd089916d2e77c55b427,Success,Transfer,,,,,,,,,
0x75830e98317e5ee251c07f05a490e449b6df4d45ad21a5333f4fc2579b07d74d,Success,Transfer,,,,,,,,,
0xdadfb6b900d3425f1dcb3862a04dbec60a8f8bb221ae9141e70160cae60fa026,Success,Transfer,,,,,,,,,
0x57b3968a8ff989e91d1bf1e8812d53dad7da9aee307ecfdd1c7494cea92eadf3,Success,Transfer,,,,,,,,,
0x72e12ec515dee022e4de297b054ad219768774789d33206a0418b3272f5f426b,Success,Transfer,,,,,,,,,
0x932424a7dc2ebca10d07d40aa1a82c975546886ddadac9edd27cfabe4041bab5,Success,Transfer,,,,,,,,,
0x9fb924a5deaff1c1bf1416942f0329438a46d8826250b51d5dfc9bdf68d7f371,Success,Transfer,,,,,,,,,
0xcbd12b228ff399e7a9c4bccb7392849815b2c08bc5bd67d343cf2e97294609c4,Success,Transfer,,,,,,,,,
0xf17ce50ab0fd2cf6ca527e8743f8b7561471025dfc5150a5a17aad4ae317abe4,Success,Transfer,,,,,,,,,
0x3a4f6e11f04ff70e6a95faccfb2e2b77df19fc195d1b93fc72bb3b67cadee0c1,Success,Transfer,,,,,,,,,
0x84a75d93c3abdd1b9ad7eab6547b3529de54020e52615223d3a987e71b8fa619,Success,Unwrap For E Eth And Burn,,,,,,,,,
0xf4b4a68f508bf0b726cc4ff950b21884a0e03833b513749c197c0b5feda58269,Success,Transfer,,,,,,,,,
0x4a89c416f8584e3138c6274521c5d29442bef7244b5ffad4692f2fa522b30a3c,Error in Main Txn : execution reverted,Exact Input,,,,,,,,,
0xf448e034e192a82e13d7d1710abe9b21934d7fdb2a25c4c7f5ff9e043707d6ab,Success,Mooo Z1089603480,,,,,,,,,
0x3e13c9588a38e1815c81cfd231c478e80b236ad2ea7881b12e0d5d12f89594d0,Success,Transfer,,,,,,,,,
0xf0e4a687983d8f6d2855ecdf459fabe0c2f949f4bbcda2b1ff76e31d818f6ada,Success,Transfer,,,,,,,,,
0xbcf8c0997d88118d1cf188b79989cf0a4a21397dac23be1c3ee00b3d4a3be198,Success,Transfer,,,,,,,,,
0x9dcbbbc1291afc39c75c5b7e0a972d851afe6f5b360ad4e05da349e411a51db0,Success,Transfer,,,,,,,,,
0xa2a785b9a3a9399147f1915020748b98a67e3a77e405ab3ca8f03139fecc3b95,Success,Transfer,,,,,,,,,
0x361eb639daa56601ba47a94f570acaf790770d7b7d0e467b2efd7fddfb57eedf,Success,Transfer,,,,,,,,,
0x0c75745e701d574e441fc86f7b1b314fd6d1aeb5caf367ad7b80a0d471b2c4dd,Success,Approve,,,,,,,,,
0x00aef68f3e5da0516438bbb0e7c4e6d3807d898f9784bf0bbf7a72b153b57526,Success,Transfer,,,,,,,,,
0x397019d28b4e96e223b419f71af3999f0cb695bb033ada93a94e734ea0f99bbc,Success,Transfer,,,,,,,,,
0xd57cb1bfd63a3e8cb8121d53251d2f437baf0c005571d4d9c79d4d31624833dd,Success,Transfer,,,,,,,,,
0xd5d24b558c185e152fd2ce0f2e6c026afa8beedabcdb18635e01a5c29f27e8bd,Success,Transfer,,,,,,,,,
0x7eb8e28cce5bf79e0489cee45a63c56adb07956fb2d9799e3bb6b38344d51e54,Success,Transfer,,,,,,,,,
0x3dc8df0fcea67443f9624bcdd8a9c758a0fabc52c8264fbd0cb47f7a0a642983,Success,Transfer,,,,,,,,,
0x2f4051fac31e33920adcf74437ca44257a98a14fa08ad953f2096a0bffb19306,Success,Add Sequencer L2Batch From Origin,,,,,,,,,
0xa8b68e3ca9a411225eb574c325aa003babdb5a85f5f15764ddeb80c1c8174713,Txn Receipt status fail,0xb81e0113,,,,,,,,,
0xcf8fe6b6fcc35c842e3ecb8226544492e3cc591bc77abe6edb2d21cfe7939956,Success,Transfer From,,,,,,,,,
0x9e2ef23abb6ae0433da4a9e30ef07d5ec514e47b4358b4dc9b2967b208840d12,Success,Deposit V3,,,,,,,,,
0xbd0a2548690720a8fb3e132694014a5afc05c5be898d933834bfce37d2689686,Success,Exec Transaction,,,,,,,,,
0xb7a3592b61e46a53c2bc8e5cdbac339e511a5759cad15ff16b0bfe79f48cee5d,Success,Transfer,,,,,,,,,
0xbf7108ca1f5fa8c063915ab02c096d0fd47b1cc1483ad62fb40ea5e8afe22f46,Success,Swap And Forward ERC20,,,,,,,,,
0xe2a101ad5a12c5e767b50407e2160b57645f3b321c3c56070b5225d3c69e4475,Success,Transfer,,,,,,,,,
0x1a472a162aeacd151176283a91a5115cae2c4d08d1ba94f2a05ce65396695522,Success,Transfer,,,,,,,,,
0x181210edec56942469ef02195f888c58f4dc8c8f18f0d908c403a0c22bbbf31b,Success,Transfer,,,,,,,,,
0x9fbcd54603f824034edc6a6ceffb96c61997638d86f147b68ca88e5edc228a8f,Success,Transfer,,,,,,,,,
0xf7ca189b367f016742d6405c4ad57c33731a765a6840d36ba59712c2a7672542,Success,Transfer,,,,,,,,,
0xb292a77a03320e013a2e610f0a9327416b2fc8116310262bdc0f77f6ef4b9ad1,Success,Transfer,,,,,,,,,
0x5779b95e7b0abb8325e635e9e0a2d8ce6fe579ab6b99d9c668562cfbbb3ba73a,Success,Transfer,,,,,,,,,
0x2e10b0d4e40331adc5af9bed48e022d027faf520d2bf469535a31d05bb204011,Success,Transfer*,,,,,,,,,
0xc6d2baf9acd1c174d70b9d12c5c3336b3e27686b38ea55114a480d997b008a06,Success,Transfer*,,,,,,,,,
0xb3567176d7f51eeb00ad07ab1ecdbe7ed6feca8008e3e634177ffc36f1f66dcd,Success,Transfer From,,,,,,,,,
0x95f88f2d135d6f997fcb6f87ec7b03fd56e6486fc465994758e7af67b7756fe5,Success,Transfer,,,,,,,,,
0x7ca4c589a72b28e14ea924a19e25069cf854184452f4b3848396d9d89d440560,Success,Transfer,,,,,,,,,
0x8f9da6a32eb3af3a089f3420270b26be086c71bedc44d113a6c8e7215bf8667d,Success,Transfer,,,,,,,,,
0x75849be649beb4c05b4bfc94c7ca062dc56cc829a38deaba1f4dfe04b0bda05d,Success,Transfer,,,,,,,,,
0xa27bfd3a4db643b7ea11570f8ea4c996d86c3b3ffad0886462383f0dca95d1c5,Success,Transfer,,,,,,,,,
0x600a31281f442d29849d074e0bfe264c485e839815185869c5b112559b9c025e,Success,Transfer,,,,,,,,,
0xeb6b454bb689eeace13355726305985d07e41054899da055f7175f0ea3bfcd94,Success,Transfer,,,,,,,,,
0xc03a34b71387aa39d8c3ebd83df8386e6e3bc2acf1c3a6e70dea5f708bbb3607,Success,Transfer,,,,,,,,,
0x2690cb0e605f08589bdbbe439ae51fe1351546e1055b950b58b0bf6c5e224e8e,Success,Transfer,,,,,,,,,
0x11885002fbe949e7d7f666ae78ffc197cdff3295e9c266c11322e350923cb4d2,Success,Transfer,,,,,,,,,
0xcd2122097a58700ff0e82ca3bc7bb9daa31bfe1f1e10d90ff1255e2a0485a6b4,Success,Deposit For Burn,,,,,,,,,
0x0f606d808bc44934299e2e44e92bd4ffe1b5659d5982ebb9acade788affb3348,Success,Deposit For Burn,,,,,,,,,
0x5f81781a6d0d3f407542db20181d64284cdd62d5ced2771057e49f334198a2b0,Success,Transfer,,,,,,,,,
0x472f1d194c3f7c403c722e33af4acec08ec6edc06f2e0f15c0a450d3e77c9e93,Success,Approve,,,,,,,,,
0x0e068dff79414bbef8c095942833d49f1a654311cfd527838c0cb3652cccf58b,Success,Transfer,,,,,,,,,
0x237bd58764ee686b8a1fd1588665767687789d5c6e72e4ebbb4a492bf1c732a3,Success,Transfer,,,,,,,,,
0x4f88fa71b892ede864eae605a4ad822f89449934122664c7c457b4c2bff4d118,Success,Transfer,,,,,,,,,
0x10ccf1fd8f2bcba6fe2741e57c28fc3f981d206b255c2e5d8ec5a4d99e1ca5c0,Success,Transfer,,,,,,,,,
0x989211284bf9bf747c6b117cc230e67eb4189e3b5d92d85cd0fd532026908dd5,Success,Transfer,,,,,,,,,
0x70b9523d6e782e80d0bf7e5edfa2e1c61c081431b8e7a2c99d902a78cc52ebdc,Success,Transfer,,,,,,,,,
0x5c9671482e6c1c1248171da3f9cda858d0195d3cd5d3388ae1bc66f6000536f0,Success,Transfer,,,,,,,,,
0x6f23cc33b651c929927d98c1eba7c71c82359c9c050511b410bbb6da154dd13e,Success,Bulk Transfer,,,,,,,,,
0x041233b85d3baff7f6ed1061220d9aa3ee8fd2206279a541c61107ebd962e35a,Success,Transfer,,,,,,,,,
0x12eec295d96d15cf40b9f2821ebdf67f901eb9cbbcefb40f7a542fb24068ceea,Success,Transfer,,,,,,,,,
0xd56126dae68c07ce64288c3e680cf087ad394ae147fe5618c3d88d2ca6f3246c,Success,Approve,,,,,,,,,
0xf5fc440acf7db5206a02d429cb7b29e08678f77c7b82d2294d1fd5f6305bb710,Success,Transfer,,,,,,,,,
0x2c7f36e50023ced43d98c258a3ed95dd3f4980a10539ac2b8a003f6f7ebd4792,Success,Transfer,,,,,,,,,
0x9f8a4d657ccf068ac68ec34505315135caefd5b11c5dbfbc2a0c34cee3b3681e,Success,Transfer,,,,,,,,,
0x1f0f5471b1e5c6635e35b9b34fe0d32c73e1f777154a186c984ec87c1fe55e46,Success,Transfer,,,,,,,,,
0x4b5db9a63cafcbc9698fe1b8dacc7a5e6e4f926d9cc8a6734ea1deb3897aff16,Success,Transfer,,,,,,,,,
0x4ae6e624a1006fddbf955de8faa890966cb5ac1c49aa99f2f3ef8852156fe603,Success,Claim,,,,,,,,,
0x3403dd7994fbfa47634d05d800a25e0e357acf8bc84ee9ee3e26858a19bbe0d2,Success,Transfer,,,,,,,,,
0x5f4578d343805da40376ea250c56ce07fbbcb3772695e625d7fe38609469d344,Success,Exact Output Single,,,,,,,,,
0x1192d1e6fb4c7679159303aca6aab7d124cf97752dda39caa091924b5e214109,Success,Transfer,,,,,,,,,
0x958b4e1e416227440ca5c6ba54d737972482f512b023af65098c3d73f0e72f7a,Success,Transfer,,,,,,,,,
0xda719c9b64ebd2049e8338c9877f275318fd79814fb5bf3cdf635cd09acee40f,Success,Transfer,,,,,,,,,
0x4420e0ba78328a7d902cd372b68706a0bef9e506c04817f3d139a2c237852f31,Success,Update State,,,,,,,,,
0x9b45a6c98df3b1b68c90797beb666af07e53e1ede8837cf0f5079db7f765c1e2,Success,Transfer,,,,,,,,,
0x689c14c1b39ea16cf0e6e772d81bb1252796b5b1be1eb18e5d07bb0cf6e1c5ee,Success,Transfer,,,,,,,,,
0xda1f88c791634d1aa6fb96f2c32d3e5624a8165236fe6d7632a9d718b9e02baa,Success,Commit Blob,,,,,,,,,
0x660b8245d394601ac2da8e61de532d31c69522fe3df2f5b0659acef4a1352442,Success,Set Approval For All,,,,,,,,,
0x56316ebc11e128caefdd09e0d5d20f52271e5968c4b7a216e780f2dcacb35bbb,Success,Approve,,,,,,,,,
0xb97a3329519d9c38020c952bd5344577f234f583bc8feefd1f6f73f587b33520,Success,Transfer,,,,,,,,,
0x892887c90877039b767660ebf8d7b612174fc7c08e3622359d63fc85426027e7,Success,Approve,,,,,,,,,
0xa8a8731dff74d3ecd159a2977db62248d18ce6513c8574c3b4f7f0598bfb2a3f,Success,Approve,,,,,,,,,
0x172782a2f03d88a94fff8967d7cc8a302005034ca7b44d5a2283903b621ce695,Success,0x0d036853,,,,,,,,,
0x8dce76d810bf5b3b8d4c9b87e0b2e8d40d77ee18895f2f0f5e1102d5d4421666,Success,Send,,,,,,,,,
0x41b7bc69e187cd2422f6acb2f3b3371950ce740a3b8c49e93b700438e05c55b1,Success,Transfer,,,,,,,,,
0xa61ec250b46dc8e600f436daea83709efd1daaf52cbe1ed94b3dcc7750bb5338,Success,Harvest Rewards,,,,,,,,,
0x7150cbbe8d4dcc0e6cea03eeef03297140a88e7b72ffe2f7dfbda1c5b082d9ce,Success,Transfer,,,,,,,,,
0xff60e007d9d7ee4905be73be201e5abe2fb6a4214b4c02edfa1576c597b0f255,Success,Withdraw,,,,,,,,,
0x9f9141c28f6b4d6cc6873f086794edd8ffae17c42151401025044ce2a3871985,Success,Transfer,,,,,,,,,
0x0704945acc66e63d19227628febf9e7d875207b2427d378fedfd8266a6d0dda4,Success,Approve,,,,,,,,,
0xb085fe267b2e2106b15ccc9c51dbc749a4806472e365638327d1c723c35aa159,Success,Set Approval For All,,,,,,,,,
0x79605846e0ca5776fda262abbe70ab43723a70503fced9539ba2fad209e1a75c,Success,Transfer,,,,,,,,,
0xb79eb07f3cb3e656f2b656da30b45642c2cb73521d8798afc8844b0afa87aefe,Success,Transfer,,,,,,,,,
0xd4e01da5e6ac6ec2e0f0dc9ea6eed07f509fecd2a2b25c9097031790ab477e44,Success,Set Approval For All,,,,,,,,,
0xf23372ceb5522ecc2222cacfff5b9527f0c1549b7ccb20586158679dfa28c997,Success,Execute,,,,,,,,,
0x63c2b76efc53ba0e0d8513cacd03292a82b204664372b8e3dd2c77892cfa2938,Success,Transfer,,,,,,,,,
0x1ca73d95ec3f8686c707d9415c75eafa027dda792fb3ac096664b98fa581abc6,Success,Transfer,,,,,,,,,
0x013819b4e553b9d1a8a896ec6ddd8555d2cbed7617fd9510a21782c439054c58,Success,Transfer,,,,,,,,,
0xa4421f3759c2c5a05910282f96af630965b5c950554b589ff317cd6915f0d690,Success,Transfer,,,,,,,,,
0xdce56ed752588795225546f44d9b72c66035cc84d12717c6bd31bfe543f179f1,Success,Transfer,,,,,,,,,
0x67a46847a6ae7ae005af232ba3e80a4a9d41a5e35aaeb4046a5596decd8f8b3f,Success,Transfer,,,,,,,,,
0xc05b883fb640be221e319e0efc0340240cb3143bfd7b8302e6672bc484fa1b71,Success,0x4cf3fe9c,,,,,,,,,
0xc30f2943a222abf558cfb0dbfe334ee44487f60e5882cf88d2a72637c3950719,Success,Transfer,,,,,,,,,
0xc0c4cf1a9c45ce4a6df4dcf407a47944995a9b0f6925e4ca708872cabf8aeab8,Success,Claim And Redeem,,,,,,,,,
0x4ce88adc70b63e9cf802a83b2077183569ab865a2a706d51197b45e411b4cbb0,Success,Transfer,,,,,,,,,
0xe70fcc7ab0c8dedd18f6ecb33a4d1aa5e530d7fac699b5b2fd1a3bf51457257b,Success,Transfer,,,,,,,,,
0xe97d2ad2ab6420ff0d474f298688954e8da34bcf3ffeaa52420b13d4a409c5aa,Success,Transfer,,,,,,,,,
0x2b71ce4dff48ed45e91d11993dc3dc0500e3b135057a8c8683ee08a678c58fab,Success,Transfer,,,,,,,,,
0x7c3e70d7c24eaea9956644fc1d5afd4ae36adfed67c2477b52209b8d890da8a9,Success,Transfer,,,,,,,,,
0xd70b4b46e82d8ac00c98c1d9a10ca37149b752e2fc53c2c7da7eb30f93422ddc,Success,Transfer,,,,,,,,,
0xe8fea7e490867ad88ae6e098c56b9a25e5078a0f9f0fb295330a80df0f7040a3,Success,Execute Controller,,,,,,,,,
0x01b8bd94021409252d94b02c2390a9031747136b064dc41019ce1eb75b83c792,Success,Transfer,,,,,,,,,
0x2cb5401c7322941e2a44c21f889711db47204a1285990f318bc6a426d9f10796,Success,Multicall,,,,,,,,,
0xaa312688ae45439c0620fcda23a6cf1db59a8122543295e5b4567ebff9e53af3,Success,Deposit With Message,,,,,,,,,
0x16be96aed0c897e940e8df37f5e7844b66786ecf8ca3daba6327797b0e7998ee,Success,Flush Tokens,,,,,,,,,
0x0f267f7f873bcccf014e6812136e984c53d6290a2766595d828269d5c459323e,Success,0x020bf14f,,,,,,,,,
0x72159275fd66d33f6fc143b7f4095c18a82596ae6f0d533bec9beca35577c424,Success,Approve,,,,,,,,,
0xf72c2f92f73d065b049fc447ed66754ed41707a9fe95e750e8a9c68e03174c3a,Success,Execute,,,,,,,,,
0xc25867658e7c4706d72468d9f4d63a8409f1d2a94a04bfd522c2f01ca8b560bd,Success,Transfer,,,,,,,,,
0x4b4bc38ed7acca9587018c7cc0af30125500a7745328227b4f6e52ef29fd1b97,Success,Transfer,,,,,,,,,
0x72d2629029c9a205f4358a30a336aacb56e22b86474d0fc469f74826b69cb591,Success,0x146ee74d,,,,,,,,,
0xbc77805c224f099bd3df67c53f37162110aa759ca876657d10fa809cfe671d5e,Success,Transfer,,,,,,,,,
0xb2e3cf95c681276cc7e919f93ab3b59368fe0778f6b70cd262bfa54fe7c1189e,Success,Transfer,,,,,,,,,
0xa9dc3a50a24edc87cf8a12a373363c63fbbc073bf6aade8ff96d0e7798ade320,Success,Transfer,,,,,,,,,
0xccd7d4261e90c21246bae3a28682a2e6da9af0a470653a3374d06a79f7454442,Success,Transfer,,,,,,,,,
0x3b859d09a4be1420742348a996c75ab4b3b8e7578c73bfb5069c68dff620a983,Success,Transfer,,,,,,,,,
0x221aa249a2e1962c6479b7efafdbe24617ba3fc8684c9fd0a72bc79059609dbd,Success,Transfer,,,,,,,,,
0x275a55b26ae7098f1aef843caf2551f15df55c6dd83dbcf5c5d1209c2f315c55,Success,Transfer,,,,,,,,,
0xc6e0180804d073dd4cdd26d08880c35cd228d6b89deed9a70cd49f3cb8dceeaa,Success,Transfer,,,,,,,,,
0xecb5b7a090dd81a736626e542922b8956cff9de9902dd3386ddb05cd62731099,Success,Transfer,,,,,,,,,
0xda7dda5d3855f9b8c3925d9f304c3e8826be5d6a67dbd5fae186159f4bd9610a,Success,Transfer,,,,,,,,,
0xc952d969887f40553444d39da78a05494d8ccb1176570992a8a27da96682e292,Success,Transfer,,,,,,,,,
0xf8e04a28061a237e457da32eeab1e774b29880c82b33ccf3c79faf527703ff41,Success,Transfer,,,,,,,,,
0x925eb7bd10622016a6fd5ef6b3d6dca4a6a9009f3339a44f91a304ca59ee24b0,Success,Transfer,,,,,,,,,
0x0ea71e43edf7afded023f97010fef2d2a371ec17060470087c7150c951082c7c,Success,Transfer,,,,,,,,,
0x5e48e274174cc0de7331968f44702bb34448628681df988939a0b8be45a64364,Success,Exact Input Single,,,,,,,,,
0x8b76765c3bce5023f675c5213dd2028d1839f3e2b4420e3b261716c90b252818,Success,Transfer,,,,,,,,,
0xcc5800b047206cb1cbb0a3e8c85368018869362132bc98786f6d97333349168b,Success,Create Forwarder,,,,,,,,,
0x02ac8287fc2d0bcda0fe9767331841dd8327a30c28e12ebf1ed23b860d5a8aaf,Success,Transfer,,,,,,,,,
0x8ebfd69f42d25f93103ae3cc0adc37267fc68802d41fb1ad056c1fcd5d5d7592,Success,Transfer,,,,,,,,,
0x4e71de87c67bb892bf9ac8382ed617b5506f2b409bdd6c7714435c55d1b43b2b,Success,Transfer,,,,,,,,,
0xa1dc8ead3b4201e9f8d1d4a1890b10c45b569d050bfc879d46ae467ea1f930f0,Success,Verify Batch,,,,,,,,,
0x81272f56c737d6f38de4894c0cee6dcca9f2980083114062034737e031c20604,Success,Check In,,,,,,,,,
0x08165498b20ac514cb86c4b3a948974d2d6980f17c35d252711af7987a6c52a6,Success,Transfer,,,,,,,,,
0x346dc7e18dfecd21ec93f848212263ec7e12010fd42eb66409a499d7e61e6da3,Success,Settle,,,,,,,,,
0x989886826d178ae378b87ffa465fd6e9198bec51ed219b629953eab71fde20b7,Success,Settle,,,,,,,,,
0x507109ca3af92e8f4211f4f6ed07f7f66bf8a278186e0a602f337249598d6a7a,Success,Transfer,,,,,,,,,
0x2e7fe5fcf4527d189a95d64a793ee4be30c863a825f4c66884ca10d9188436fb,Success,0x00000000,,,,,,,,,
0x2c4b8ee87a95abcd2110f68dc37eb980fde7e02593ec7964dc1266a1ef8cfe34,Success,Vote To Bless,,,,,,,,,
0x689483ef75351dd56ea7b20452e49f8d4408805ab65f5c5f2b004bd7e763137f,Success,Approve,,,,,,,,,
0x17a16f0a4aa07424e58a5b50a030a5ce646f4057655792a43b6c32d7525926d4,Success,Unstake,,,,,,,,,
0x71fa06333a7f46df629b88facd9576a75a43928845d37596a47cd2cf33a692b5,Success,0x4cf3fe9c,,,,,,,,,
0x62a4fa99bb8dc2e2ab7cd41025da2ee76b10553e76df5a64a81b9e4593ef6f45,Success,Transfer,,,,,,,,,
0xa7baf591d7feb059b293652f803a3461010b99e9551c804d84b482812c571056,Success,Transfer,,,,,,,,,
0x024af25c28aaf03d6cb3c5fc39cf89c22078ec6af52e316cacdcb60f62a7457b,Success,Transfer*,,,,,,,,,
0x326e836c9d95b3e0305c38e42ab3e9d2ccb98319d00425bf6a5f576d0c115f51,Error in Main Txn : out of gas,Transfer,,,,,,,,,
0x7bb9999c18e22d64faeecc9a565c7fc2193ae654b5a25ef76eaf344c02fe5c4a,Success,Transfer*,,,,,,,,,
0x9471ff22d8e461d7b01f8f6448296912180b06448c0860d657b5f254f08241f1,Success,Transfer*,,,,,,,,,
0x9d4252bf91927f92d0e8b9ea7bac7de9b8ba6427c516f970a695da331095bfd6,Success,Swap,,,,,,,,,
0xc684377cc2b4112d90a74095311598f713b79b2aa895333fc74d73c8ca7c45c9,Success,0x122067ed,,,,,,,,,
0xfd81940b6ff5f1777e5aabe4a8f688f1d407e6499519f7ef1c8fab495587552f,Success,Create Withdraw Request,,,,,,,,,
0x9de7cc397bb94f0805dc878bcdce343430302609da6c01ce9b5f3591ccd2d088,Success,Transfer,,,,,,,,,
0x966df36042187f305eb2e2f646050828335430bfbf863e7d4e686438fc7980ce,Success,Approve,,,,,,,,,
0x6d86a4028ca8ae69e34553a7bf9d77c158237708dad257020a62a3e21ccf0ebf,Success,Transfer,,,,,,,,,
0xb720f5bfc72c805ec23ee1929abc5942a4c32f08e4038ec2d1906bb0aa40dcf6,Success,Fill Order Args,,,,,,,,,
0xbf070bdbaffa0c17ddc6ce53d1430905da0caef2852cd0674f7579195ef70726,Success,Supply,,,,,,,,,
0x9ca6d3bae07e5f00a558db4233ee0adc7bc5f590ee0fb95b85f69c2563ca2b18,Success,Transfer,,,,,,,,,
0xfc93979c4388530ce5627c6ed859ed76553099c6bd3fd246bd6cc1a6e96dbeff,Success,Transfer,,,,,,,,,
0x0a9b82ed733becd0222ba687e4c2415235ccb161cbc5186d61f6f840a189fde3,Success,0x248afbf0,,,,,,,,,
0x4fe09f7c260b57381846dc25435110e6e08741f9af3bd7274fd4fbc82db79420,Success,Transfer,,,,,,,,,
0x8a0330a8aa75cbc49dd648ac10e8db02fb906d996d48d3bf0c8d01f142a54320,Success,Transfer,,,,,,,,,
0x3c790daf76d4295511ad42c2380795bb0d2f2ac72c86bdab749d307c1722b767,Success,Transfer,,,,,,,,,
0x660760abd0f47a5535e43824c32101bb9f116fdc116f9c1726beecfbb58671df,Success,Transfer,,,,,,,,,
0x2482c0c449286c47c194b7fc10518e7135e66e740cc26cb3201f80d519bdff25,Success,Approve,,,,,,,,,
0x405ac894da36bbacd9ee53df9eafcfdac375bed5938f361da81bc9e338508e46,Success,Approve,,,,,,,,,
0x90d5f85bf14467e52e150dc11474166230c1bdd7b7a46c6120a6be3fb96d04be,Success,Transfer,,,,,,,,,
0x3280f3b99f913e2941dd1db2128a1d13967f06152f586cf012e86b0f35cf6eba,Success,Transfer,,,,,,,,,
0x931c221b0a393d0a9fce4f5e4c8fc4cd49368843d2f0b0a14de0604309b7305f,Success,Transfer,,,,,,,,,
0x1e32d3ec329ecc01fca3cbaab70410daaf8962cd32adffc7b835bc4cf5cea7fd,Success,Transfer,,,,,,,,,
0x5be01e7247768abccbeba44913ae96fb21ab99940d1202419a26f22efec9845d,Success,Transfer,,,,,,,,,
0x50ad3b46c2a26ed5ba56a53702edbca3386dfe7bd937b99cbe185f312671923e,Error in Main Txn : execution reverted,Exact Input Single,,,,,,,,,
0xd1fc6f144eb54e594d0a40e9892428aa97f3e6d498116edbc99c2b596aa6b007,Success,Transfer,,,,,,,,,
0xc956ba5f90fa485fe619d512681f222e04b2ce83c5ca416748ee78c0bba7c510,Success,Transfer,,,,,,,,,
0x729a471ef97a7de286f6e89233decefbe3ade2983cf0a6ec291f28023d7129f6,Error in Internal Txn : execution reverted,Execute,,,,,,,,,
0x3489aa7e5f9bc160cdf47f890416f9db2d96ba3c71590406104e67897d522962,Success,Transfer,,,,,,,,,
0x3a4a539af807d53b7f8c02713806784268f95ad0fe3f95319d9ceb18ac00fd12,Success,Transfer,,,,,,,,,
0xde1f5a535c4c260b3cd717adb2ac089d22c7500f2b8997b0bda70b4443bf4b96,Success,Transfer,,,,,,,,,
0x57fc6c03435163a1471ec11c10423510573163a639404282eb2cba86e46391f0,Success,Transfer,,,,,,,,,
0x2bd9cfd93f8a10203782e9dc3381ab3dc779cacc77899cf390d26b4bbfd2b14f,Success,Transfer,,,,,,,,,
0xb95a5d99fd97545a6da5beeb9724499d3f7d6790adf411213a83e26180e5180e,Success,Transfer,,,,,,,,,
0x55564957282af6dcfae6bc258848b0230477ea0fd335a6d7dc83f63ef548c284,Success,Transfer,,,,,,,,,
0x03511707ae5d364135caaab7b1460f58d1072406c468108c5f1ca44b4c3f85c6,Success,Transfer,,,,,,,,,
0x845e43c2785aa82fc0c8c3c641f361fc4c4cd87896d4dae7655397e442c66db6,Success,Transfer,,,,,,,,,
0x897633baaa8c8ac53ddd5cae26c482f3a0fdcc2b7b51e51202cf3b202252c326,Success,Wrap Eth,,,,,,,,,
0x51d04641cf6dbc068e1ced88fdfb77c2592c10e089674361d584b531fd91072b,Success,Transfer,,,,,,,,,
0x2320877f46ff983b1075f02d15fc9d05833598c3333661f8fe9b549f00d8479e,Success,Transfer,,,,,,,,,
0xe2e4b23fa1c47ce69feb5d6f9f8e00bc41eed1ecb11c005bae6ed8e913ba215a,Success,Smart Swap By Order Id,,,,,,,,,
0x49d892412a9712dac3f374f875ed6dc6f17d089f71835c7506142e123689c954,Success,Claim Withdraw,,,,,,,,,
0xb09eca33adc43f1edde2a27b97ec295a62a98f52ed5eeb1aed8151ca370ca228,Success,Transfer,,,,,,,,,
0xf777b2b78580b0f2aa197ebb89e14bcd206ee5d1bdbb9be68a921e598c782a33,Success,Transfer,,,,,,,,,
0xe23f751466142780de02ee1b6e361e1ab3b63e3d83a2ad703c2ef45ff5062130,Success,Transfer,,,,,,,,,
0xfa208b6093012e3b6a0e883656a1b5292b6371eb45fb55429768dbfb8f13baed,Success,Approve,,,,,,,,,
0x3b13fb746e2c3c55fb10de6c516e7b771771bec1d7b5b8f53cbd9ad1b1994aea,Success,Transfer,,,,,,,,,
0x8ac724cf0ffd5138112f7870b0025f820964c2102ecf8c4834f2aace958edd9a,Error in Internal Txn : execution reverted,Execute,,,,,,,,,
0x83068eac4c1e935ff18d7888e38985d6985f4300551242bec9a910b29f8e65d6,Success,Transfer,,,,,,,,,
0xb29f67b4e1b03b3414f3d44376fafc44edfc4119a5d9fdb6e19e9e643f85d491,Success,Transfer,,,,,,,,,
0x65909189e01181e419f9c8921ba54439d955a88bc3e7d7c0c9951fbac9937e6a,Success,Swap Exact ETH For Tokens Supporting Fee On Transfer Tokens,,,,,,,,,
0x7b91e1c6da25b658b362f0975bfb557a30ad8d7695e18ee5c077eb295e275218,Success,Settle Orders,,,,,,,,,
0x8be24b18816703ff8e756ec0b5499a22640107632505d7b8d2a4e70a7448a57e,Success,Transfer,,,,,,,,,
0xe8c809e82ab7a2e5ae0c0f45eb1231ff5247ff6ce3299bca88a02371c148cd8f,Success,Swap,,,,,,,,,
0x5d76df33bdeb4b405f336c8a71ae186dbe968ed47ed0658c698ec1116f5ec533,Success,Transfer,,,,,,,,,
0xd15b71fb008b3e9289f857d08f6a4f754b87dcba3b2e40a866b4f8291ebeef1a,Success,Swap,,,,,,,,,
0x2c0e1c03cc2a920f4a055e57f570bdbccc81559b1d8a13c88a92240fa59bf4f4,Success,Transfer,,,,,,,,,
0xe7b45be181b0e9a48ea083aa9c40de8ce04fb5055d7bad25c07c0d151e5899d0,Success,Swap,,,,,,,,,
0x7b6663f080a117365427d199a9cb715a81ce208e39b5f5717b7421ea459732d6,Success,0x2213bc0b,,,,,,,,,
0xde9b6e0ee5b57aa474e86c3a373944e4f2ab1ef1607c78ca0f3be7ce72ab49b1,Success,0xd7bfaf58,,,,,,,,,
0x67edd9bfdd729a468aa4e01f1bfe5a30982c634e352590032a9787aa74b7431c,Success,Transfer,,,,,,,,,
0xb6dc1bb7ca1330085e7a5483e0c0cf1572eac968a3d37535d8b3fad3ffa61056,Success,Transfer*,,,,,,,,,
0x25c948209909aee58367af39bc9b2bc1d68fcbc7c9affee9b6d856ef417bb61b,Success,Transfer*,,,,,,,,,
0x8276dc2feafa496ee969e94b488181233266d1d730ae5a91d893bf0a53b06577,Success,Transfer*,,,,,,,,,
0xad0e5ce47f9e24142737a9c5a8edcf53834e59fe4779bf441eabab8d3ef96637,Success,Transfer,,,,,,,,,
0xf8b834afcba625394c44fe735837e4b63d9304e12557050899f50c886e75e9c6,Error in Main Txn : execution reverted,Safe Transfer From,,,,,,,,,
0x27c190c20df4d68aedd05f11681fbf6f41bd2052a2ec4e1945b07087c65ff16c,Success,Transfer*,,,,,,,,,
0x5a8d662e54f5d83b442e8744cc0f56185a4c12c73e0ac31334bb8492b4cedeb5,Success,Transfer,,,,,,,,,
0x31e2185c04f524484867246132fd98b75bd6407e6cb2c74a5d3166640e2ee812,Success,Transfer,,,,,,,,,
0x3d49fe15b3a98c3185684ca398235117c973f480cb8ec53749cef9d10eb05e02,Success,Propose L2Output,,,,,,,,,
0xc25361aa91730ad7be46c6477cecf73d93ff3ed9b44b3900a32f6774b017a5a0,Success,Transfer,,,,,,,,,
0x89ce1efea631f0ade496d7e8587b7fd2e00139b24e84498af93be1f5d87a109a,Success,Send Token,,,,,,,,,
0x002407a8272b94aa746a5358b2f3c8a2fff66ac92e2e6bdb81772067a0129261,Success,Withdraw,,,,,,,,,
0xd104331b18b4d57c5631dd6846e555f99ee21ac9e122d11eae52ca240a4fe307,Success,Claim,,,,,,,,,
0xdfe06256ef2cbd7556e940d3866cee4b80ab7946367b93c6262b03868fcfa5ec,Success,Purchase With Native Coin,,,,,,,,,
0x781156e815436ec6c77ad73a22226c6a332b65570e97c6a5d6e2eae0133cdf78,Success,Transfer,,,,,,,,,
0x9f2e0cddd89d3a73b2cbb85fac9f072dfd46642b28b819ce541c607e4400d5a6,Success,Post Prices,,,,,,,,,
0xe8e7e78333c113a1126252c435d14466529bdec25c51df1022e5bd1e49458f98,Success,Transfer,,,,,,,,,
0xcc84429a65807cee7ba94a3f433506dca06c7a692a3b6cccbbba994a7525a66d,Success,Approve,,,,,,,,,
0x89a45c732858b979b62ed2be243a98ab85f8220741da4f74e60a0d161767a041,Success,Transfer,,,,,,,,,
0xf5999339ed5647f79a022e2caa42ce9a4da4b18aaaa8830617bbf80ec68b9fa5,Success,Swap And Start Bridge Tokens Via Gas Zip,,,,,,,,,
0x5409156c1bf00a302228c8fc9a0c462c1520c6e30a526854364045b70ca1fa52,Success,Transfer,,,,,,,,,
0xc9524f509c2ad33771b1ca7c9355da2de2fe5f0eb22ccc0f0d4eb6fba2390c5c,Success,Start Bridge Tokens Via Across V3,,,,,,,,,
0xd74d0b9cc9a63e26a20a3b189e535ab77229de6e1f4df933547d35a71986179c,Success,Transfer,,,,,,,,,
0x5c90bd87db6f098e6b472bce2f65394957bbc9095d460d63e0147229782101e6,Success,Transfer,,,,,,,,,
0xea8e1aa121784a70158a0a894c930bb3c15f92f4c0a5ebc0e38fdbe29dd5ce98,Success,Claim And Stake,,,,,,,,,
0xa76959ae7cfe9a4acd7687b90e2533722d118e0b67655d23783bbf76fc302930,Success,Transfer,,,,,,,,,
0x859afad2290cb6d67151abfdca6f3a5b01353968537817c6e58d704095154fa8,Success,Transfer,,,,,,,,,
0x15c6acc1bbedcdb103ebb5c59288fdeedee2afdfe85e63648b36de46f8efde94,Success,Transfer,,,,,,,,,
0xc379eea15c932851d25f466dca8a037afa4570c8cc524e50de0f398f20516717,Success,Swap Exact Pt For Token,,,,,,,,,
0x2edf0e3fff46836c3009003a3b2d83545b787d7f398e33c5941ad1a80ce5e51a,Success,Swap,,,,,,,,,
0x069aab2fb33dae926896218649a75886758833d3cf08ae124c40ef81acc82769,Success,Swap,,,,,,,,,
0xfa93f0e714f72a4266f6fbfb07886a663fd8304ec7fbc8f0fd58163aaedc04b8,Success,Swap,,,,,,,,,
0x127393e5404753330d60831f9b288c5540c6413b6ff017c745d88edebf4dea58,Success,Transfer,,,,,,,,,
0x92cc22394b6b4f8186aa13a20441e2c5e585d5adf67da8f85c01edcb5b0f23b2,Success,Transfer,,,,,,,,,
0x469814ebea960fe1d0feb31f8e6a28aecf23a92a3ed44d681d092eb093a91a73,Success,Swap Exact ETH For Tokens Supporting Fee On Transfer Tokens,,,,,,,,,
0x17168ada51eb5bced05fa3cfc085ca07edb2afb29e553176b5bb9a5f5e1d14e6,Success,0x51337d44,,,,,,,,,
0x956f133705f4037681633a9b03b75409a667332fa51206d5584a68151df8943b,Success,Transfer,,,,,,,,,
0xdf14ad4e2e6d37f39285b859ece62811f2fef682365908524ff659e2ef2198a5,Success,Transfer,,,,,,,,,
0x8b5f20f6d96637ab0f15b97d240fd4574eb43ad92d16c62fc31c387e524b80d1,Success,Transfer,,,,,,,,,
0x9d5f7cabca84da458b2ed8287eeb9f4397045da820e3ec9e846b640162472d49,Success,Transfer,,,,,,,,,
0x54407d7958b0449ac6e90cbb91e285940d3d8db0d5ff397bf1c06bc9fd9babeb,Success,Transfer,,,,,,,,,
0x5b8ea98df9b52920b57b7f329d41d61ce9db8492ef44b8c8e39277119120c4bb,Error in Main Txn : execution reverted,Exact Input Single,,,,,,,,,
0x9dcfc82cc83756e5bddd3efa92a34217a88d30016270affcd960710e7dd4ef52,Error in Main Txn : execution reverted,Exact Input Single,,,,,,,,,
0x6a17ae52a475df690763bc1ac43e82a3c4c1690cb661d9a87ea084dff67bd19d,Error in Main Txn : execution reverted,Exact Input Single,,,,,,,,,
0xb91956993a1f96f248e5a70b39b317b692947a59c38a00750d7bc8c097ea769a,Success,Claim,,,,,,,,,
0x39ccdb6f99bcd5cdc3abf4ff661c280e2e0e85d01d0fb6b1c474201629559b2c,Error in Main Txn : execution reverted,Exact Input,,,,,,,,,
0x9a156fb70af6b61a088bc53efab288dbaffb81f8832bcce9808743106e041057,Success,Transfer,,,,,,,,,
0x3fc17749eca06ee0caea0a06fdd30b65763ba397dd547f0de74cd3d03e49aba9,Success,Transfer,,,,,,,,,
0x5de3f4151fc7af2954d3128e646525cd175d9fdadf602db63d436aaf49354aa9,Success,Transfer,,,,,,,,,
0x7ad4d3cc28c1f794867d942f97d2974f73eb3e31fceba0e2c86cd5c69e7ffeed,Success,Transfer,,,,,,,,,
0x86c82f7cf4f2e2a40362845f6e9b05f4d0066529a0560f14271524b8d330d78f,Success,Transfer,,,,,,,,,
0xac447167540c6f4cd6194f2d4634efa67fe5f479b9186607d92b681de26d38b8,Success,Transfer,,,,,,,,,
0xd084cd4d718af77e1c767488f0a6e1e88526c6f28946eef38382bcb45d8a5310,Error in Main Txn : execution reverted,Exact Input Single,,,,,,,,,
0x0fea779d6cc94e3e31b03b6fed63b78e5f5adc3ad5d38f1b613b7041d8b169f1,Success,0x2213bc0b,,,,,,,,,
0xcd9efb11bce941f2f09e69f9eb7e00e22cddd399a4ba1a479542d44439a9629a,Success,Transfer,,,,,,,,,
0x3c088f73b37a50ddd00c1017f857d0fedb3fc02edbfc2c41777ff073f0f4bc29,Success,Execute302,,,,,,,,,
0x5a3e1d68c67c73899db85b0e7421afc16cdecf61b3d30c9867b7b03d55cb168a,Success,Execute302,,,,,,,,,
0x7c14b5498142e84cfd8cd394930e841f5f373b47ea0c3a97b27bc3b0c28e2e13,Success,Transfer,,,,,,,,,
0x8feb1f45cf55a2a6ef6e4724ada42ed31d535f60b8f3378173c16135f624da14,Success,0xa0000000,,,,,,,,,
0xdb961d2c69304b4f9382b2d715913c9530baaf2d5fcd8d33cb2d5ee697d86c32,Success,Transfer,,,,,,,,,
0xf959e93d74c033099c17ac7b9cb9dc68b5ca5c119c8bb771d63da47e653e7b3e,Success,Swap,,,,,,,,,
0x8c4b1d15cdb1a85a64d91ddca160781309618b9b9f1d491a3d4e2be1f927ef64,Success,Complete Queued Withdrawals,,,,,,,,,
0x9d5a1624ed0c98395713aeac0e5a477359d046fb665b4b4bbd2488755a05887d,Success,0xa8705989,,,,,,,,,
0xb9d16f9dfd0cfdc0c863bddbd4adda1d20bc287bcf3d9316aabe05ccc49d274a,Success,0x75713a08,,,,,,,,,
0x4646463774ce67196855fc428666e0b73c7e1c8a82328b03a2584eecbce2a09d,Success,Transfer,,,,,,,,,
0xb812fc9e66e2623709e3bd73456ffa4feb05e4a9c06b97d29a00b6bfc278141c,Success,Transfer,,,,,,,,,
0xd5efc793d09b12db16bd65f18a0e5a23e5c216b2dccafa680f736b171340e64c,Success,Execute F Fs Yo,,,,,,,,,
0x07ab0565c68b9dac83ab543909c954727e14697c9783e95199b05ece440fc887,Success,Transfer,,,,,,,,,
0x53b7e6241fd9bff4b9c4f1e6112d2e1a31c7aed9fe5cbdab4fb7121fb9524c89,Success,Transfer,,,,,,,,,
0xdaf1926328615126732a0477431a084b9958a67bc7fd684dca922fcf44f0af1a,Success,Transfer,,,,,,,,,
0xe0844e0a53278fecebaa9d3f7a68a2b2691d3eaddf0e9f7a32e59d48c95f894f,Success,Transfer,,,,,,,,,
0xcf3ae7c0d34a2d4d6b1664c79f9148246a2c9b48879c9858415afcde1cfe9dbe,Success,Transfer,,,,,,,,,
0x52b0120ae8253800865bb5ebd7a78c01bdf435ac98d03bb463cb458789dfb3d4,Success,Buy With Eth,,,,,,,,,
0x1483fa1bcbef20aafc988c828953b120fa9b8dcd5a008d11e22dbc972af07218,Success,Approve,,,,,,,,,
0x885d29713dfadb0b4ece64e71798c1248abb75238bc72da23c51c4148fb0d002,Success,Approve,,,,,,,,,
0xf633fe3ebdfa4c670d70da83ade5e3d9b263209329184d943f4785d47dc5baa3,Success,Swap And Start Bridge Tokens Via Mayan,,,,,,,,,
0x5044254875652d1008cc9ef05f3d4332c1d4b168017ce68c6d2f3410f65ba8c2,Success,Withdraw,,,,,,,,,
0x7e09ebfbde886f18c20071ad19322df8e46bb0779cc8c72d2641318387ae1d71,Success,Transfer,,,,,,,,,
0xc82e983e4fa08df2e6f2ebaba2fd0ab1011a148e1828e3876995447302399ff8,Success,Withdraw,,,,,,,,,
0xe81855d4b855a95242a7c93612567ed82ae722f698b70b6336197e2508ab51bc,Success,Transfer,,,,,,,,,
0xea43f011b5f24a36143dcbcd2f5ed84ac1c94ad86fded13312db6dd35b8a7945,Success,Transfer,,,,,,,,,
0xf7d9da206bd96a5dd5fad1a02e2e5a2eee2877a6bf8d0ab889c9d16d4bcdd759,Success,Transfer,,,,,,,,,
0x71348f4916f9fba832a0a25c8a16d7d97088fe28177b16ff6329c4f6ab002bc8,Success,Transfer,,,,,,,,,
0x97b2f68b791cc7863c6a786cb4104a17c63441470413307b92f02981b1b7f5eb,Success,Transfer,,,,,,,,,